<annotation>
	<folder>my-project-name</folder>
	<filename>IMG_20230315_001116.jpg</filename>
	<path>/my-project-name/IMG_20230315_001116.jpg</path>
	<source>
		<database>Unspecified</database>
	</source>
	<size>
		<width>4608</width>
		<height>3456</height>
		<depth>3</depth>
	</size>
	<object>
		<name>13ო</name>
		<pose>Unspecified</pose>
		<truncated>0</truncated>
		<difficult>0</difficult>
		<bndbox>
			<xmin>245</xmin>
			<ymin>1810</ymin>
			<xmax>671</xmax>
			<ymax>2256</ymax>
		</bndbox>
	</object>
	<object>
		<name>16რ</name>
		<pose>Unspecified</pose>
		<truncated>0</truncated>
		<difficult>0</difficult>
		<bndbox>
			<xmin>645</xmin>
			<ymin>1803</ymin>
			<xmax>1012</xmax>
			<ymax>2249</ymax>
		</bndbox>
	</object>
	<object>
		<name>2გ</name>
		<pose>Unspecified</pose>
		<truncated>0</truncated>
		<difficult>0</difficult>
		<bndbox>
			<xmin>1215</xmin>
			<ymin>1784</ymin>
			<xmax>1497</xmax>
			<ymax>2243</ymax>
		</bndbox>
	</object>
	<object>
		<name>19უ</name>
		<pose>Unspecified</pose>
		<truncated>0</truncated>
		<difficult>0</difficult>
		<bndbox>
			<xmin>1478</xmin>
			<ymin>1810</ymin>
			<xmax>1786</xmax>
			<ymax>2236</ymax>
		</bndbox>
	</object>
	<object>
		<name>10ლ</name>
		<pose>Unspecified</pose>
		<truncated>0</truncated>
		<difficult>0</difficult>
		<bndbox>
			<xmin>1766</xmin>
			<ymin>1797</ymin>
			<xmax>2238</xmax>
			<ymax>2236</ymax>
		</bndbox>
	</object>
	<object>
		<name>8ი</name>
		<pose>Unspecified</pose>
		<truncated>0</truncated>
		<difficult>0</difficult>
		<bndbox>
			<xmin>2219</xmin>
			<ymin>1810</ymin>
			<xmax>2488</xmax>
			<ymax>2230</ymax>
		</bndbox>
	</object>
	<object>
		<name>17ს</name>
		<pose>Unspecified</pose>
		<truncated>0</truncated>
		<difficult>0</difficult>
		<bndbox>
			<xmin>2783</xmin>
			<ymin>1823</ymin>
			<xmax>3071</xmax>
			<ymax>2249</ymax>
		</bndbox>
	</object>
	<object>
		<name>18ტ</name>
		<pose>Unspecified</pose>
		<truncated>0</truncated>
		<difficult>0</difficult>
		<bndbox>
			<xmin>3045</xmin>
			<ymin>1810</ymin>
			<xmax>3366</xmax>
			<ymax>2243</ymax>
		</bndbox>
	</object>
	<object>
		<name>4ე</name>
		<pose>Unspecified</pose>
		<truncated>0</truncated>
		<difficult>0</difficult>
		<bndbox>
			<xmin>3340</xmin>
			<ymin>1810</ymin>
			<xmax>3583</xmax>
			<ymax>2230</ymax>
		</bndbox>
	</object>
	<object>
		<name>9კ</name>
		<pose>Unspecified</pose>
		<truncated>0</truncated>
		<difficult>0</difficult>
		<bndbox>
			<xmin>3799</xmin>
			<ymin>1803</ymin>
			<xmax>4029</xmax>
			<ymax>2217</ymax>
		</bndbox>
	</object>
	<object>
		<name>12ნ</name>
		<pose>Unspecified</pose>
		<truncated>0</truncated>
		<difficult>0</difficult>
		<bndbox>
			<xmin>2606</xmin>
			<ymin>1095</ymin>
			<xmax>2894</xmax>
			<ymax>1541</ymax>
		</bndbox>
	</object>
	<object>
		<name>1ბ</name>
		<pose>Unspecified</pose>
		<truncated>0</truncated>
		<difficult>0</difficult>
		<bndbox>
			<xmin>3216</xmin>
			<ymin>1115</ymin>
			<xmax>3478</xmax>
			<ymax>1515</ymax>
		</bndbox>
	</object>
	<object>
		<name>0ა</name>
		<pose>Unspecified</pose>
		<truncated>0</truncated>
		<difficult>0</difficult>
		<bndbox>
			<xmin>3445</xmin>
			<ymin>1161</ymin>
			<xmax>3701</xmax>
			<ymax>1521</ymax>
		</bndbox>
	</object>
	<object>
		<name>7თ</name>
		<pose>Unspecified</pose>
		<truncated>0</truncated>
		<difficult>0</difficult>
		<bndbox>
			<xmin>3675</xmin>
			<ymin>1148</ymin>
			<xmax>4068</xmax>
			<ymax>1528</ymax>
		</bndbox>
	</object>
	<object>
		<name>8ი</name>
		<pose>Unspecified</pose>
		<truncated>0</truncated>
		<difficult>0</difficult>
		<bndbox>
			<xmin>4035</xmin>
			<ymin>1154</ymin>
			<xmax>4311</xmax>
			<ymax>1515</ymax>
		</bndbox>
	</object>
</annotation>