<annotation>
	<folder>my-project-name</folder>
	<filename>IMG_20230219_144541.jpg</filename>
	<path>/my-project-name/IMG_20230219_144541.jpg</path>
	<source>
		<database>Unspecified</database>
	</source>
	<size>
		<width>4608</width>
		<height>3456</height>
		<depth>3</depth>
	</size>
	<object>
		<name>30ხ</name>
		<pose>Unspecified</pose>
		<truncated>0</truncated>
		<difficult>0</difficult>
		<bndbox>
			<xmin>343</xmin>
			<ymin>662</ymin>
			<xmax>822</xmax>
			<ymax>1908</ymax>
		</bndbox>
	</object>
	<object>
		<name>8ი</name>
		<pose>Unspecified</pose>
		<truncated>0</truncated>
		<difficult>0</difficult>
		<bndbox>
			<xmin>815</xmin>
			<ymin>643</ymin>
			<xmax>1333</xmax>
			<ymax>1915</ymax>
		</bndbox>
	</object>
	<object>
		<name>12ნ</name>
		<pose>Unspecified</pose>
		<truncated>0</truncated>
		<difficult>0</difficult>
		<bndbox>
			<xmin>1327</xmin>
			<ymin>643</ymin>
			<xmax>1838</xmax>
			<ymax>1915</ymax>
		</bndbox>
	</object>
	<object>
		<name>9კ</name>
		<pose>Unspecified</pose>
		<truncated>0</truncated>
		<difficult>0</difficult>
		<bndbox>
			<xmin>1825</xmin>
			<ymin>656</ymin>
			<xmax>2330</xmax>
			<ymax>1928</ymax>
		</bndbox>
	</object>
	<object>
		<name>0ა</name>
		<pose>Unspecified</pose>
		<truncated>0</truncated>
		<difficult>0</difficult>
		<bndbox>
			<xmin>2324</xmin>
			<ymin>675</ymin>
			<xmax>2816</xmax>
			<ymax>1948</ymax>
		</bndbox>
	</object>
	<object>
		<name>10ლ</name>
		<pose>Unspecified</pose>
		<truncated>0</truncated>
		<difficult>0</difficult>
		<bndbox>
			<xmin>2809</xmin>
			<ymin>649</ymin>
			<xmax>3701</xmax>
			<ymax>1941</ymax>
		</bndbox>
	</object>
	<object>
		<name>8ი</name>
		<pose>Unspecified</pose>
		<truncated>0</truncated>
		<difficult>0</difficult>
		<bndbox>
			<xmin>3701</xmin>
			<ymin>675</ymin>
			<xmax>4219</xmax>
			<ymax>1941</ymax>
		</bndbox>
	</object>
	<object>
		<name>11მ</name>
		<pose>Unspecified</pose>
		<truncated>0</truncated>
		<difficult>0</difficult>
		<bndbox>
			<xmin>1852</xmin>
			<ymin>1961</ymin>
			<xmax>2120</xmax>
			<ymax>2558</ymax>
		</bndbox>
	</object>
	<object>
		<name>7თ</name>
		<pose>Unspecified</pose>
		<truncated>0</truncated>
		<difficult>0</difficult>
		<bndbox>
			<xmin>2074</xmin>
			<ymin>2262</ymin>
			<xmax>2396</xmax>
			<ymax>2584</ymax>
		</bndbox>
	</object>
	<object>
		<name>8ი</name>
		<pose>Unspecified</pose>
		<truncated>0</truncated>
		<difficult>0</difficult>
		<bndbox>
			<xmin>2376</xmin>
			<ymin>2276</ymin>
			<xmax>2606</xmax>
			<ymax>2584</ymax>
		</bndbox>
	</object>
	<object>
		<name>24შ</name>
		<pose>Unspecified</pose>
		<truncated>0</truncated>
		<difficult>0</difficult>
		<bndbox>
			<xmin>2586</xmin>
			<ymin>2276</ymin>
			<xmax>2927</xmax>
			<ymax>2872</ymax>
		</bndbox>
	</object>
	<object>
		<name>10ლ</name>
		<pose>Unspecified</pose>
		<truncated>0</truncated>
		<difficult>0</difficult>
		<bndbox>
			<xmin>2914</xmin>
			<ymin>2282</ymin>
			<xmax>3366</xmax>
			<ymax>2833</ymax>
		</bndbox>
	</object>
	<object>
		<name>16რ</name>
		<pose>Unspecified</pose>
		<truncated>0</truncated>
		<difficult>0</difficult>
		<bndbox>
			<xmin>3681</xmin>
			<ymin>2013</ymin>
			<xmax>4002</xmax>
			<ymax>2617</ymax>
		</bndbox>
	</object>
</annotation>