<annotation>
	<folder>georgian_honey</folder>
	<filename>IMG_20230215_140110 (1).jpg</filename>
	<path>/georgian_honey/IMG_20230215_140110 (1).jpg</path>
	<source>
		<database>Unspecified</database>
	</source>
	<size>
		<width>3456</width>
		<height>4608</height>
		<depth>3</depth>
	</size>
	<object>
		<name>23ყ</name>
		<pose>Unspecified</pose>
		<truncated>0</truncated>
		<difficult>0</difficult>
		<bndbox>
			<xmin>1026</xmin>
			<ymin>2698</ymin>
			<xmax>1210</xmax>
			<ymax>3106</ymax>
		</bndbox>
	</object>
	<object>
		<name>13ო</name>
		<pose>Unspecified</pose>
		<truncated>0</truncated>
		<difficult>0</difficult>
		<bndbox>
			<xmin>1196</xmin>
			<ymin>2679</ymin>
			<xmax>1429</xmax>
			<ymax>2922</ymax>
		</bndbox>
	</object>
	<object>
		<name>5ვ</name>
		<pose>Unspecified</pose>
		<truncated>0</truncated>
		<difficult>0</difficult>
		<bndbox>
			<xmin>1419</xmin>
			<ymin>2708</ymin>
			<xmax>1584</xmax>
			<ymax>3077</ymax>
		</bndbox>
	</object>
	<object>
		<name>4ე</name>
		<pose>Unspecified</pose>
		<truncated>0</truncated>
		<difficult>0</difficult>
		<bndbox>
			<xmin>1570</xmin>
			<ymin>2728</ymin>
			<xmax>1725</xmax>
			<ymax>3068</ymax>
		</bndbox>
	</object>
	<object>
		<name>10ლ</name>
		<pose>Unspecified</pose>
		<truncated>0</truncated>
		<difficult>0</difficult>
		<bndbox>
			<xmin>1711</xmin>
			<ymin>2718</ymin>
			<xmax>1895</xmax>
			<ymax>3082</ymax>
		</bndbox>
	</object>
	<object>
		<name>7თ</name>
		<pose>Unspecified</pose>
		<truncated>0</truncated>
		<difficult>0</difficult>
		<bndbox>
			<xmin>1871</xmin>
			<ymin>2713</ymin>
			<xmax>2114</xmax>
			<ymax>2941</ymax>
		</bndbox>
	</object>
	<object>
		<name>8ი</name>
		<pose>Unspecified</pose>
		<truncated>0</truncated>
		<difficult>0</difficult>
		<bndbox>
			<xmin>2230</xmin>
			<ymin>2723</ymin>
			<xmax>2395</xmax>
			<ymax>2932</ymax>
		</bndbox>
	</object>
	<object>
		<name>17ს</name>
		<pose>Unspecified</pose>
		<truncated>0</truncated>
		<difficult>0</difficult>
		<bndbox>
			<xmin>2376</xmin>
			<ymin>2582</ymin>
			<xmax>2551</xmax>
			<ymax>2941</ymax>
		</bndbox>
	</object>
	<object>
		<name>0ა</name>
		<pose>Unspecified</pose>
		<truncated>0</truncated>
		<difficult>0</difficult>
		<bndbox>
			<xmin>1317</xmin>
			<ymin>3136</ymin>
			<xmax>1560</xmax>
			<ymax>3393</ymax>
		</bndbox>
	</object>
	<object>
		<name>30ხ</name>
		<pose>Unspecified</pose>
		<truncated>0</truncated>
		<difficult>0</difficult>
		<bndbox>
			<xmin>1545</xmin>
			<ymin>3063</ymin>
			<xmax>1735</xmax>
			<ymax>3393</ymax>
		</bndbox>
	</object>
</annotation>