<annotation>
	<folder>georgian_honey</folder>
	<filename>IMG_20230215_140454 (1).jpg</filename>
	<path>/georgian_honey/IMG_20230215_140454 (1).jpg</path>
	<source>
		<database>Unspecified</database>
	</source>
	<size>
		<width>3456</width>
		<height>4608</height>
		<depth>3</depth>
	</size>
	<object>
		<name>3დ</name>
		<pose>Unspecified</pose>
		<truncated>0</truncated>
		<difficult>0</difficult>
		<bndbox>
			<xmin>884</xmin>
			<ymin>2405</ymin>
			<xmax>1120</xmax>
			<ymax>2781</ymax>
		</bndbox>
	</object>
	<object>
		<name>2გ</name>
		<pose>Unspecified</pose>
		<truncated>0</truncated>
		<difficult>0</difficult>
		<bndbox>
			<xmin>1102</xmin>
			<ymin>2432</ymin>
			<xmax>1299</xmax>
			<ymax>2776</ymax>
		</bndbox>
	</object>
	<object>
		<name>1ბ</name>
		<pose>Unspecified</pose>
		<truncated>0</truncated>
		<difficult>0</difficult>
		<bndbox>
			<xmin>1785</xmin>
			<ymin>2279</ymin>
			<xmax>1982</xmax>
			<ymax>2634</ymax>
		</bndbox>
	</object>
	<object>
		<name>16რ</name>
		<pose>Unspecified</pose>
		<truncated>0</truncated>
		<difficult>0</difficult>
		<bndbox>
			<xmin>1960</xmin>
			<ymin>2268</ymin>
			<xmax>2211</xmax>
			<ymax>2629</ymax>
		</bndbox>
	</object>
	<object>
		<name>28წ</name>
		<pose>Unspecified</pose>
		<truncated>0</truncated>
		<difficult>0</difficult>
		<bndbox>
			<xmin>883</xmin>
			<ymin>2760</ymin>
			<xmax>1102</xmax>
			<ymax>3115</ymax>
		</bndbox>
	</object>
	<object>
		<name>11მ</name>
		<pose>Unspecified</pose>
		<truncated>0</truncated>
		<difficult>0</difficult>
		<bndbox>
			<xmin>1512</xmin>
			<ymin>2749</ymin>
			<xmax>1681</xmax>
			<ymax>3088</ymax>
		</bndbox>
	</object>
</annotation>