<annotation>
	<folder>georgian_honey</folder>
	<filename>IMG_20230213_174631.jpg</filename>
	<path>/georgian_honey/IMG_20230213_174631.jpg</path>
	<source>
		<database>Unspecified</database>
	</source>
	<size>
		<width>1200</width>
		<height>1600</height>
		<depth>3</depth>
	</size>
	<object>
		<name>17ს</name>
		<pose>Unspecified</pose>
		<truncated>0</truncated>
		<difficult>0</difficult>
		<bndbox>
			<xmin>138</xmin>
			<ymin>198</ymin>
			<xmax>182</xmax>
			<ymax>286</ymax>
		</bndbox>
	</object>
	<object>
		<name>10ლ</name>
		<pose>Unspecified</pose>
		<truncated>0</truncated>
		<difficult>0</difficult>
		<bndbox>
			<xmin>222</xmin>
			<ymin>218</ymin>
			<xmax>293</xmax>
			<ymax>291</ymax>
		</bndbox>
	</object>
	<object>
		<name>8ი</name>
		<pose>Unspecified</pose>
		<truncated>0</truncated>
		<difficult>0</difficult>
		<bndbox>
			<xmin>288</xmin>
			<ymin>221</ymin>
			<xmax>329</xmax>
			<ymax>286</ymax>
		</bndbox>
	</object>
	<object>
		<name>1ბ</name>
		<pose>Unspecified</pose>
		<truncated>0</truncated>
		<difficult>0</difficult>
		<bndbox>
			<xmin>323</xmin>
			<ymin>209</ymin>
			<xmax>361</xmax>
			<ymax>282</ymax>
		</bndbox>
	</object>
	<object>
		<name>4ე</name>
		<pose>Unspecified</pose>
		<truncated>0</truncated>
		<difficult>0</difficult>
		<bndbox>
			<xmin>354</xmin>
			<ymin>223</ymin>
			<xmax>397</xmax>
			<ymax>298</ymax>
		</bndbox>
	</object>
	<object>
		<name>16რ</name>
		<pose>Unspecified</pose>
		<truncated>0</truncated>
		<difficult>0</difficult>
		<bndbox>
			<xmin>390</xmin>
			<ymin>207</ymin>
			<xmax>443</xmax>
			<ymax>282</ymax>
		</bndbox>
	</object>
	<object>
		<name>7თ</name>
		<pose>Unspecified</pose>
		<truncated>0</truncated>
		<difficult>0</difficult>
		<bndbox>
			<xmin>438</xmin>
			<ymin>216</ymin>
			<xmax>490</xmax>
			<ymax>282</ymax>
		</bndbox>
	</object>
	<object>
		<name>1ბ</name>
		<pose>Unspecified</pose>
		<truncated>0</truncated>
		<difficult>0</difficult>
		<bndbox>
			<xmin>529</xmin>
			<ymin>209</ymin>
			<xmax>572</xmax>
			<ymax>291</ymax>
		</bndbox>
	</object>
	<object>
		<name>0ა</name>
		<pose>Unspecified</pose>
		<truncated>0</truncated>
		<difficult>0</difficult>
		<bndbox>
			<xmin>563</xmin>
			<ymin>220</ymin>
			<xmax>599</xmax>
			<ymax>289</ymax>
		</bndbox>
	</object>
	<object>
		<name>12ნ</name>
		<pose>Unspecified</pose>
		<truncated>0</truncated>
		<difficult>0</difficult>
		<bndbox>
			<xmin>597</xmin>
			<ymin>216</ymin>
			<xmax>640</xmax>
			<ymax>275</ymax>
		</bndbox>
	</object>
	<object>
		<name>9კ</name>
		<pose>Unspecified</pose>
		<truncated>0</truncated>
		<difficult>0</difficult>
		<bndbox>
			<xmin>625</xmin>
			<ymin>229</ymin>
			<xmax>666</xmax>
			<ymax>296</ymax>
		</bndbox>
	</object>
	<object>
		<name>21ქ</name>
		<pose>Unspecified</pose>
		<truncated>0</truncated>
		<difficult>0</difficult>
		<bndbox>
			<xmin>268</xmin>
			<ymin>370</ymin>
			<xmax>316</xmax>
			<ymax>459</ymax>
		</bndbox>
	</object>
	<object>
		<name>3დ</name>
		<pose>Unspecified</pose>
		<truncated>0</truncated>
		<difficult>0</difficult>
		<bndbox>
			<xmin>407</xmin>
			<ymin>380</ymin>
			<xmax>461</xmax>
			<ymax>461</ymax>
		</bndbox>
	</object>
	<object>
		<name>18ტ</name>
		<pose>Unspecified</pose>
		<truncated>0</truncated>
		<difficult>0</difficult>
		<bndbox>
			<xmin>511</xmin>
			<ymin>377</ymin>
			<xmax>563</xmax>
			<ymax>457</ymax>
		</bndbox>
	</object>
	<object>
		<name>13ო</name>
		<pose>Unspecified</pose>
		<truncated>0</truncated>
		<difficult>0</difficult>
		<bndbox>
			<xmin>606</xmin>
			<ymin>384</ymin>
			<xmax>656</xmax>
			<ymax>450</ymax>
		</bndbox>
	</object>
	<object>
		<name>14პ</name>
		<pose>Unspecified</pose>
		<truncated>0</truncated>
		<difficult>0</difficult>
		<bndbox>
			<xmin>649</xmin>
			<ymin>377</ymin>
			<xmax>688</xmax>
			<ymax>459</ymax>
		</bndbox>
	</object>
	<object>
		<name>11მ</name>
		<pose>Unspecified</pose>
		<truncated>0</truncated>
		<difficult>0</difficult>
		<bndbox>
			<xmin>291</xmin>
			<ymin>734</ymin>
			<xmax>341</xmax>
			<ymax>814</ymax>
		</bndbox>
	</object>
	<object>
		<name>22ღ</name>
		<pose>Unspecified</pose>
		<truncated>0</truncated>
		<difficult>0</difficult>
		<bndbox>
			<xmin>402</xmin>
			<ymin>743</ymin>
			<xmax>452</xmax>
			<ymax>823</ymax>
		</bndbox>
	</object>
	<object>
		<name>4ე</name>
		<pose>Unspecified</pose>
		<truncated>0</truncated>
		<difficult>0</difficult>
		<bndbox>
			<xmin>447</xmin>
			<ymin>738</ymin>
			<xmax>488</xmax>
			<ymax>832</ymax>
		</bndbox>
	</object>
	<object>
		<name>1ბ</name>
		<pose>Unspecified</pose>
		<truncated>0</truncated>
		<difficult>0</difficult>
		<bndbox>
			<xmin>481</xmin>
			<ymin>729</ymin>
			<xmax>523</xmax>
			<ymax>818</ymax>
		</bndbox>
	</object>
	<object>
		<name>8ი</name>
		<pose>Unspecified</pose>
		<truncated>0</truncated>
		<difficult>0</difficult>
		<bndbox>
			<xmin>515</xmin>
			<ymin>747</ymin>
			<xmax>563</xmax>
			<ymax>814</ymax>
		</bndbox>
	</object>
	<object>
		<name>17ს</name>
		<pose>Unspecified</pose>
		<truncated>0</truncated>
		<difficult>0</difficult>
		<bndbox>
			<xmin>1049</xmin>
			<ymin>730</ymin>
			<xmax>1097</xmax>
			<ymax>820</ymax>
		</bndbox>
	</object>
</annotation>