<annotation>
	<folder>georgian_honey</folder>
	<filename>IMG_20230215_135105 (1).jpg</filename>
	<path>/georgian_honey/IMG_20230215_135105 (1).jpg</path>
	<source>
		<database>Unspecified</database>
	</source>
	<size>
		<width>3456</width>
		<height>4608</height>
		<depth>3</depth>
	</size>
	<object>
		<name>31ჯ</name>
		<pose>Unspecified</pose>
		<truncated>0</truncated>
		<difficult>0</difficult>
		<bndbox>
			<xmin>1550</xmin>
			<ymin>974</ymin>
			<xmax>1899</xmax>
			<ymax>1424</ymax>
		</bndbox>
	</object>
	<object>
		<name>14პ</name>
		<pose>Unspecified</pose>
		<truncated>0</truncated>
		<difficult>0</difficult>
		<bndbox>
			<xmin>1868</xmin>
			<ymin>981</ymin>
			<xmax>2168</xmax>
			<ymax>1436</ymax>
		</bndbox>
	</object>
	<object>
		<name>17ს</name>
		<pose>Unspecified</pose>
		<truncated>0</truncated>
		<difficult>0</difficult>
		<bndbox>
			<xmin>2168</xmin>
			<ymin>993</ymin>
			<xmax>2462</xmax>
			<ymax>1430</ymax>
		</bndbox>
	</object>
</annotation>