<annotation>
	<folder>georgian_honey</folder>
	<filename>IMG_20230215_150353.jpg</filename>
	<path>/georgian_honey/IMG_20230215_150353.jpg</path>
	<source>
		<database>Unspecified</database>
	</source>
	<size>
		<width>2456</width>
		<height>3272</height>
		<depth>3</depth>
	</size>
	<object>
		<name>18ტ</name>
		<pose>Unspecified</pose>
		<truncated>0</truncated>
		<difficult>0</difficult>
		<bndbox>
			<xmin>207</xmin>
			<ymin>1503</ymin>
			<xmax>486</xmax>
			<ymax>2005</ymax>
		</bndbox>
	</object>
	<object>
		<name>19უ</name>
		<pose>Unspecified</pose>
		<truncated>0</truncated>
		<difficult>0</difficult>
		<bndbox>
			<xmin>474</xmin>
			<ymin>1577</ymin>
			<xmax>759</xmax>
			<ymax>1981</ymax>
		</bndbox>
	</object>
</annotation>