<annotation>
	<folder>georgian_honey</folder>
	<filename>IMG_20230215_135259 (1).jpg</filename>
	<path>/georgian_honey/IMG_20230215_135259 (1).jpg</path>
	<source>
		<database>Unspecified</database>
	</source>
	<size>
		<width>4608</width>
		<height>3456</height>
		<depth>3</depth>
	</size>
	<object>
		<name>2გ</name>
		<pose>Unspecified</pose>
		<truncated>0</truncated>
		<difficult>0</difficult>
		<bndbox>
			<xmin>1419</xmin>
			<ymin>1540</ymin>
			<xmax>1523</xmax>
			<ymax>1684</ymax>
		</bndbox>
	</object>
	<object>
		<name>19უ</name>
		<pose>Unspecified</pose>
		<truncated>0</truncated>
		<difficult>0</difficult>
		<bndbox>
			<xmin>1519</xmin>
			<ymin>1538</ymin>
			<xmax>1626</xmax>
			<ymax>1686</ymax>
		</bndbox>
	</object>
	<object>
		<name>16რ</name>
		<pose>Unspecified</pose>
		<truncated>0</truncated>
		<difficult>0</difficult>
		<bndbox>
			<xmin>1632</xmin>
			<ymin>1493</ymin>
			<xmax>1775</xmax>
			<ymax>1640</ymax>
		</bndbox>
	</object>
	<object>
		<name>11მ</name>
		<pose>Unspecified</pose>
		<truncated>0</truncated>
		<difficult>0</difficult>
		<bndbox>
			<xmin>1767</xmin>
			<ymin>1493</ymin>
			<xmax>1861</xmax>
			<ymax>1643</ymax>
		</bndbox>
	</object>
	<object>
		<name>0ა</name>
		<pose>Unspecified</pose>
		<truncated>0</truncated>
		<difficult>0</difficult>
		<bndbox>
			<xmin>1853</xmin>
			<ymin>1534</ymin>
			<xmax>1941</xmax>
			<ymax>1640</ymax>
		</bndbox>
	</object>
	<object>
		<name>12ნ</name>
		<pose>Unspecified</pose>
		<truncated>0</truncated>
		<difficult>0</difficult>
		<bndbox>
			<xmin>1946</xmin>
			<ymin>1501</ymin>
			<xmax>2058</xmax>
			<ymax>1643</ymax>
		</bndbox>
	</object>
	<object>
		<name>8ი</name>
		<pose>Unspecified</pose>
		<truncated>0</truncated>
		<difficult>0</difficult>
		<bndbox>
			<xmin>2054</xmin>
			<ymin>1559</ymin>
			<xmax>2138</xmax>
			<ymax>1643</ymax>
		</bndbox>
	</object>
</annotation>