<annotation>
	<folder>georgian_honey</folder>
	<filename>IMG_20230216_185644 (1).jpg</filename>
	<path>/georgian_honey/IMG_20230216_185644 (1).jpg</path>
	<source>
		<database>Unspecified</database>
	</source>
	<size>
		<width>3456</width>
		<height>4608</height>
		<depth>3</depth>
	</size>
	<object>
		<name>10ლ</name>
		<pose>Unspecified</pose>
		<truncated>0</truncated>
		<difficult>0</difficult>
		<bndbox>
			<xmin>676</xmin>
			<ymin>1557</ymin>
			<xmax>968</xmax>
			<ymax>1759</ymax>
		</bndbox>
	</object>
	<object>
		<name>19უ</name>
		<pose>Unspecified</pose>
		<truncated>0</truncated>
		<difficult>0</difficult>
		<bndbox>
			<xmin>965</xmin>
			<ymin>1578</ymin>
			<xmax>1134</xmax>
			<ymax>1759</ymax>
		</bndbox>
	</object>
	<object>
		<name>3დ</name>
		<pose>Unspecified</pose>
		<truncated>0</truncated>
		<difficult>0</difficult>
		<bndbox>
			<xmin>1125</xmin>
			<ymin>1581</ymin>
			<xmax>1330</xmax>
			<ymax>1768</ymax>
		</bndbox>
	</object>
	<object>
		<name>8ი</name>
		<pose>Unspecified</pose>
		<truncated>0</truncated>
		<difficult>0</difficult>
		<bndbox>
			<xmin>1318</xmin>
			<ymin>1587</ymin>
			<xmax>1487</xmax>
			<ymax>1774</ymax>
		</bndbox>
	</object>
	<object>
		<name>17ს</name>
		<pose>Unspecified</pose>
		<truncated>0</truncated>
		<difficult>0</difficult>
		<bndbox>
			<xmin>1475</xmin>
			<ymin>1593</ymin>
			<xmax>1641</xmax>
			<ymax>1780</ymax>
		</bndbox>
	</object>
	<object>
		<name>11მ</name>
		<pose>Unspecified</pose>
		<truncated>0</truncated>
		<difficult>0</difficult>
		<bndbox>
			<xmin>528</xmin>
			<ymin>1762</ymin>
			<xmax>709</xmax>
			<ymax>1958</ymax>
		</bndbox>
	</object>
	<object>
		<name>22ღ</name>
		<pose>Unspecified</pose>
		<truncated>0</truncated>
		<difficult>0</difficult>
		<bndbox>
			<xmin>863</xmin>
			<ymin>1774</ymin>
			<xmax>1095</xmax>
			<ymax>1961</ymax>
		</bndbox>
	</object>
	<object>
		<name>6ზ</name>
		<pose>Unspecified</pose>
		<truncated>0</truncated>
		<difficult>0</difficult>
		<bndbox>
			<xmin>1249</xmin>
			<ymin>1777</ymin>
			<xmax>1460</xmax>
			<ymax>1976</ymax>
		</bndbox>
	</object>
	<object>
		<name>0ა</name>
		<pose>Unspecified</pose>
		<truncated>0</truncated>
		<difficult>0</difficult>
		<bndbox>
			<xmin>1613</xmin>
			<ymin>1792</ymin>
			<xmax>1779</xmax>
			<ymax>1985</ymax>
		</bndbox>
	</object>
</annotation>