<annotation>
	<folder>georgian_honey</folder>
	<filename>IMG_20230215_135649 (1).jpg</filename>
	<path>/georgian_honey/IMG_20230215_135649 (1).jpg</path>
	<source>
		<database>Unspecified</database>
	</source>
	<size>
		<width>3456</width>
		<height>4608</height>
		<depth>3</depth>
	</size>
	<object>
		<name>9კ</name>
		<pose>Unspecified</pose>
		<truncated>0</truncated>
		<difficult>0</difficult>
		<bndbox>
			<xmin>844</xmin>
			<ymin>426</ymin>
			<xmax>1030</xmax>
			<ymax>674</ymax>
		</bndbox>
	</object>
	<object>
		<name>0ა</name>
		<pose>Unspecified</pose>
		<truncated>0</truncated>
		<difficult>0</difficult>
		<bndbox>
			<xmin>1015</xmin>
			<ymin>430</ymin>
			<xmax>1164</xmax>
			<ymax>689</ymax>
		</bndbox>
	</object>
	<object>
		<name>16რ</name>
		<pose>Unspecified</pose>
		<truncated>0</truncated>
		<difficult>0</difficult>
		<bndbox>
			<xmin>1157</xmin>
			<ymin>437</ymin>
			<xmax>1317</xmax>
			<ymax>700</ymax>
		</bndbox>
	</object>
	<object>
		<name>8ი</name>
		<pose>Unspecified</pose>
		<truncated>0</truncated>
		<difficult>0</difficult>
		<bndbox>
			<xmin>1307</xmin>
			<ymin>437</ymin>
			<xmax>1481</xmax>
			<ymax>703</ymax>
		</bndbox>
	</object>
	<object>
		<name>17ს</name>
		<pose>Unspecified</pose>
		<truncated>0</truncated>
		<difficult>0</difficult>
		<bndbox>
			<xmin>1463</xmin>
			<ymin>437</ymin>
			<xmax>1660</xmax>
			<ymax>696</ymax>
		</bndbox>
	</object>
	<object>
		<name>2გ</name>
		<pose>Unspecified</pose>
		<truncated>0</truncated>
		<difficult>0</difficult>
		<bndbox>
			<xmin>1787</xmin>
			<ymin>441</ymin>
			<xmax>1977</xmax>
			<ymax>700</ymax>
		</bndbox>
	</object>
	<object>
		<name>10ლ</name>
		<pose>Unspecified</pose>
		<truncated>0</truncated>
		<difficult>0</difficult>
		<bndbox>
			<xmin>2094</xmin>
			<ymin>466</ymin>
			<xmax>2276</xmax>
			<ymax>696</ymax>
		</bndbox>
	</object>
	<object>
		<name>4ე</name>
		<pose>Unspecified</pose>
		<truncated>0</truncated>
		<difficult>0</difficult>
		<bndbox>
			<xmin>2257</xmin>
			<ymin>459</ymin>
			<xmax>2421</xmax>
			<ymax>700</ymax>
		</bndbox>
	</object>
</annotation>