<annotation>
	<folder>georgian_honey</folder>
	<filename>IMG_20230212_162108.jpg</filename>
	<path>/georgian_honey/IMG_20230212_162108.jpg</path>
	<source>
		<database>Unspecified</database>
	</source>
	<size>
		<width>4608</width>
		<height>3456</height>
		<depth>3</depth>
	</size>
	<object>
		<name>17ს</name>
		<pose>Unspecified</pose>
		<truncated>0</truncated>
		<difficult>0</difficult>
		<bndbox>
			<xmin>1088</xmin>
			<ymin>853</ymin>
			<xmax>1560</xmax>
			<ymax>1771</ymax>
		</bndbox>
	</object>
	<object>
		<name>0ა</name>
		<pose>Unspecified</pose>
		<truncated>0</truncated>
		<difficult>0</difficult>
		<bndbox>
			<xmin>1520</xmin>
			<ymin>1331</ymin>
			<xmax>1796</xmax>
			<ymax>1738</ymax>
		</bndbox>
	</object>
	<object>
		<name>3დ</name>
		<pose>Unspecified</pose>
		<truncated>0</truncated>
		<difficult>0</difficult>
		<bndbox>
			<xmin>2006</xmin>
			<ymin>1390</ymin>
			<xmax>2379</xmax>
			<ymax>1889</ymax>
		</bndbox>
	</object>
	<object>
		<name>13ო</name>
		<pose>Unspecified</pose>
		<truncated>0</truncated>
		<difficult>0</difficult>
		<bndbox>
			<xmin>2360</xmin>
			<ymin>1364</ymin>
			<xmax>2727</xmax>
			<ymax>1620</ymax>
		</bndbox>
	</object>
	<object>
		<name>2გ</name>
		<pose>Unspecified</pose>
		<truncated>0</truncated>
		<difficult>0</difficult>
		<bndbox>
			<xmin>602</xmin>
			<ymin>2112</ymin>
			<xmax>1028</xmax>
			<ymax>2820</ymax>
		</bndbox>
	</object>
	<object>
		<name>25ჩ</name>
		<pose>Unspecified</pose>
		<truncated>0</truncated>
		<difficult>0</difficult>
		<bndbox>
			<xmin>1028</xmin>
			<ymin>2105</ymin>
			<xmax>1435</xmax>
			<ymax>2826</ymax>
		</bndbox>
	</object>
	<object>
		<name>8ი</name>
		<pose>Unspecified</pose>
		<truncated>0</truncated>
		<difficult>0</difficult>
		<bndbox>
			<xmin>1422</xmin>
			<ymin>2072</ymin>
			<xmax>1855</xmax>
			<ymax>2820</ymax>
		</bndbox>
	</object>
	<object>
		<name>10ლ</name>
		<pose>Unspecified</pose>
		<truncated>0</truncated>
		<difficult>0</difficult>
		<bndbox>
			<xmin>1842</xmin>
			<ymin>2092</ymin>
			<xmax>2281</xmax>
			<ymax>2840</ymax>
		</bndbox>
	</object>
	<object>
		<name>0ა</name>
		<pose>Unspecified</pose>
		<truncated>0</truncated>
		<difficult>0</difficult>
		<bndbox>
			<xmin>2707</xmin>
			<ymin>2092</ymin>
			<xmax>3173</xmax>
			<ymax>2853</ymax>
		</bndbox>
	</object>
	<object>
		<name>15ჟ</name>
		<pose>Unspecified</pose>
		<truncated>0</truncated>
		<difficult>0</difficult>
		<bndbox>
			<xmin>3160</xmin>
			<ymin>2059</ymin>
			<xmax>3691</xmax>
			<ymax>2826</ymax>
		</bndbox>
	</object>
</annotation>