<annotation>
	<folder>georgian_honey</folder>
	<filename>IMG_20230212_163315.jpg</filename>
	<path>/georgian_honey/IMG_20230212_163315.jpg</path>
	<source>
		<database>Unspecified</database>
	</source>
	<size>
		<width>1200</width>
		<height>1600</height>
		<depth>3</depth>
	</size>
	<object>
		<name>16რ</name>
		<pose>Unspecified</pose>
		<truncated>0</truncated>
		<difficult>0</difficult>
		<bndbox>
			<xmin>359</xmin>
			<ymin>689</ymin>
			<xmax>477</xmax>
			<ymax>938</ymax>
		</bndbox>
	</object>
	<object>
		<name>15ჟ</name>
		<pose>Unspecified</pose>
		<truncated>0</truncated>
		<difficult>0</difficult>
		<bndbox>
			<xmin>553</xmin>
			<ymin>677</ymin>
			<xmax>677</xmax>
			<ymax>914</ymax>
		</bndbox>
	</object>
	<object>
		<name>0ა</name>
		<pose>Unspecified</pose>
		<truncated>0</truncated>
		<difficult>0</difficult>
		<bndbox>
			<xmin>665</xmin>
			<ymin>677</ymin>
			<xmax>765</xmax>
			<ymax>926</ymax>
		</bndbox>
	</object>
	<object>
		<name>12ნ</name>
		<pose>Unspecified</pose>
		<truncated>0</truncated>
		<difficult>0</difficult>
		<bndbox>
			<xmin>759</xmin>
			<ymin>671</ymin>
			<xmax>884</xmax>
			<ymax>929</ymax>
		</bndbox>
	</object>
	<object>
		<name>8ი</name>
		<pose>Unspecified</pose>
		<truncated>0</truncated>
		<difficult>0</difficult>
		<bndbox>
			<xmin>872</xmin>
			<ymin>680</ymin>
			<xmax>993</xmax>
			<ymax>908</ymax>
		</bndbox>
	</object>
</annotation>