<annotation>
	<folder>georgian_honey</folder>
	<filename>IMG_20230215_140639 (1).jpg</filename>
	<path>/georgian_honey/IMG_20230215_140639 (1).jpg</path>
	<source>
		<database>Unspecified</database>
	</source>
	<size>
		<width>3456</width>
		<height>4608</height>
		<depth>3</depth>
	</size>
	<object>
		<name>12ნ</name>
		<pose>Unspecified</pose>
		<truncated>0</truncated>
		<difficult>0</difficult>
		<bndbox>
			<xmin>1325</xmin>
			<ymin>1967</ymin>
			<xmax>1417</xmax>
			<ymax>2129</ymax>
		</bndbox>
	</object>
</annotation>