<annotation>
	<folder>georgian_honey</folder>
	<filename>IMG_20230215_134920 (1).jpg</filename>
	<path>/georgian_honey/IMG_20230215_134920 (1).jpg</path>
	<source>
		<database>Unspecified</database>
	</source>
	<size>
		<width>3456</width>
		<height>4608</height>
		<depth>3</depth>
	</size>
	<object>
		<name>3დ</name>
		<pose>Unspecified</pose>
		<truncated>0</truncated>
		<difficult>0</difficult>
		<bndbox>
			<xmin>1415</xmin>
			<ymin>1437</ymin>
			<xmax>1525</xmax>
			<ymax>1574</ymax>
		</bndbox>
	</object>
	<object>
		<name>8ი</name>
		<pose>Unspecified</pose>
		<truncated>0</truncated>
		<difficult>0</difficult>
		<bndbox>
			<xmin>1516</xmin>
			<ymin>1435</ymin>
			<xmax>1599</xmax>
			<ymax>1538</ymax>
		</bndbox>
	</object>
	<object>
		<name>20ფ</name>
		<pose>Unspecified</pose>
		<truncated>0</truncated>
		<difficult>0</difficult>
		<bndbox>
			<xmin>1238</xmin>
			<ymin>1608</ymin>
			<xmax>1337</xmax>
			<ymax>1742</ymax>
		</bndbox>
	</object>
	<object>
		<name>0ა</name>
		<pose>Unspecified</pose>
		<truncated>0</truncated>
		<difficult>0</difficult>
		<bndbox>
			<xmin>1319</xmin>
			<ymin>1592</ymin>
			<xmax>1379</xmax>
			<ymax>1688</ymax>
		</bndbox>
	</object>
	<object>
		<name>17ს</name>
		<pose>Unspecified</pose>
		<truncated>0</truncated>
		<difficult>0</difficult>
		<bndbox>
			<xmin>1375</xmin>
			<ymin>1558</ymin>
			<xmax>1440</xmax>
			<ymax>1697</ymax>
		</bndbox>
	</object>
	<object>
		<name>9კ</name>
		<pose>Unspecified</pose>
		<truncated>0</truncated>
		<difficult>0</difficult>
		<bndbox>
			<xmin>1574</xmin>
			<ymin>1605</ymin>
			<xmax>1646</xmax>
			<ymax>1740</ymax>
		</bndbox>
	</object>
	<object>
		<name>10ლ</name>
		<pose>Unspecified</pose>
		<truncated>0</truncated>
		<difficult>0</difficult>
		<bndbox>
			<xmin>1641</xmin>
			<ymin>1610</ymin>
			<xmax>1713</xmax>
			<ymax>1740</ymax>
		</bndbox>
	</object>
	<object>
		<name>4ე</name>
		<pose>Unspecified</pose>
		<truncated>0</truncated>
		<difficult>0</difficult>
		<bndbox>
			<xmin>1713</xmin>
			<ymin>1605</ymin>
			<xmax>1783</xmax>
			<ymax>1742</ymax>
		</bndbox>
	</object>
	<object>
		<name>1ბ</name>
		<pose>Unspecified</pose>
		<truncated>0</truncated>
		<difficult>0</difficult>
		<bndbox>
			<xmin>1785</xmin>
			<ymin>1543</ymin>
			<xmax>1852</xmax>
			<ymax>1688</ymax>
		</bndbox>
	</object>
	<object>
		<name>23ყ</name>
		<pose>Unspecified</pose>
		<truncated>0</truncated>
		<difficult>0</difficult>
		<bndbox>
			<xmin>1323</xmin>
			<ymin>1776</ymin>
			<xmax>1399</xmax>
			<ymax>1906</ymax>
		</bndbox>
	</object>
	<object>
		<name>5ვ</name>
		<pose>Unspecified</pose>
		<truncated>0</truncated>
		<difficult>0</difficult>
		<bndbox>
			<xmin>1399</xmin>
			<ymin>1776</ymin>
			<xmax>1460</xmax>
			<ymax>1903</ymax>
		</bndbox>
	</object>
	<object>
		<name>16რ</name>
		<pose>Unspecified</pose>
		<truncated>0</truncated>
		<difficult>0</difficult>
		<bndbox>
			<xmin>1774</xmin>
			<ymin>1729</ymin>
			<xmax>1866</xmax>
			<ymax>1865</ymax>
		</bndbox>
	</object>
	<object>
		<name>6ზ</name>
		<pose>Unspecified</pose>
		<truncated>0</truncated>
		<difficult>0</difficult>
		<bndbox>
			<xmin>1859</xmin>
			<ymin>1729</ymin>
			<xmax>1940</xmax>
			<ymax>1859</ymax>
		</bndbox>
	</object>
	<object>
		<name>20ფ</name>
		<pose>Unspecified</pose>
		<truncated>0</truncated>
		<difficult>0</difficult>
		<bndbox>
			<xmin>1000</xmin>
			<ymin>1865</ymin>
			<xmax>1184</xmax>
			<ymax>2273</ymax>
		</bndbox>
	</object>
	<object>
		<name>8ი</name>
		<pose>Unspecified</pose>
		<truncated>0</truncated>
		<difficult>0</difficult>
		<bndbox>
			<xmin>2182</xmin>
			<ymin>1890</ymin>
			<xmax>2321</xmax>
			<ymax>2291</ymax>
		</bndbox>
	</object>
	<object>
		<name>18ტ</name>
		<pose>Unspecified</pose>
		<truncated>0</truncated>
		<difficult>0</difficult>
		<bndbox>
			<xmin>996</xmin>
			<ymin>2379</ymin>
			<xmax>1159</xmax>
			<ymax>2771</ymax>
		</bndbox>
	</object>
	<object>
		<name>0ა</name>
		<pose>Unspecified</pose>
		<truncated>0</truncated>
		<difficult>0</difficult>
		<bndbox>
			<xmin>1146</xmin>
			<ymin>2372</ymin>
			<xmax>1271</xmax>
			<ymax>2771</ymax>
		</bndbox>
	</object>
	<object>
		<name>12ნ</name>
		<pose>Unspecified</pose>
		<truncated>0</truncated>
		<difficult>0</difficult>
		<bndbox>
			<xmin>1260</xmin>
			<ymin>2370</ymin>
			<xmax>1393</xmax>
			<ymax>2778</ymax>
		</bndbox>
	</object>
	<object>
		<name>17ს</name>
		<pose>Unspecified</pose>
		<truncated>0</truncated>
		<difficult>0</difficult>
		<bndbox>
			<xmin>1377</xmin>
			<ymin>2370</ymin>
			<xmax>1505</xmax>
			<ymax>2778</ymax>
		</bndbox>
	</object>
	<object>
		<name>26ც</name>
		<pose>Unspecified</pose>
		<truncated>0</truncated>
		<difficult>0</difficult>
		<bndbox>
			<xmin>1610</xmin>
			<ymin>2379</ymin>
			<xmax>1754</xmax>
			<ymax>2778</ymax>
		</bndbox>
	</object>
	<object>
		<name>11მ</name>
		<pose>Unspecified</pose>
		<truncated>0</truncated>
		<difficult>0</difficult>
		<bndbox>
			<xmin>1745</xmin>
			<ymin>2381</ymin>
			<xmax>1866</xmax>
			<ymax>2778</ymax>
		</bndbox>
	</object>
	<object>
		<name>4ე</name>
		<pose>Unspecified</pose>
		<truncated>0</truncated>
		<difficult>0</difficult>
		<bndbox>
			<xmin>1852</xmin>
			<ymin>2377</ymin>
			<xmax>1973</xmax>
			<ymax>2778</ymax>
		</bndbox>
	</object>
	<object>
		<name>10ლ</name>
		<pose>Unspecified</pose>
		<truncated>0</truncated>
		<difficult>0</difficult>
		<bndbox>
			<xmin>1958</xmin>
			<ymin>2381</ymin>
			<xmax>2166</xmax>
			<ymax>2782</ymax>
		</bndbox>
	</object>
	<object>
		<name>1ბ</name>
		<pose>Unspecified</pose>
		<truncated>0</truncated>
		<difficult>0</difficult>
		<bndbox>
			<xmin>1018</xmin>
			<ymin>2865</ymin>
			<xmax>1153</xmax>
			<ymax>3242</ymax>
		</bndbox>
	</object>
	<object>
		<name>7თ</name>
		<pose>Unspecified</pose>
		<truncated>0</truncated>
		<difficult>0</difficult>
		<bndbox>
			<xmin>1254</xmin>
			<ymin>2870</ymin>
			<xmax>1428</xmax>
			<ymax>3251</ymax>
		</bndbox>
	</object>
	<object>
		<name>19უ</name>
		<pose>Unspecified</pose>
		<truncated>0</truncated>
		<difficult>0</difficult>
		<bndbox>
			<xmin>1417</xmin>
			<ymin>2872</ymin>
			<xmax>1567</xmax>
			<ymax>3253</ymax>
		</bndbox>
	</object>
	<object>
		<name>3დ</name>
		<pose>Unspecified</pose>
		<truncated>0</truncated>
		<difficult>0</difficult>
		<bndbox>
			<xmin>1767</xmin>
			<ymin>2879</ymin>
			<xmax>1949</xmax>
			<ymax>3253</ymax>
		</bndbox>
	</object>
	<object>
		<name>13ო</name>
		<pose>Unspecified</pose>
		<truncated>0</truncated>
		<difficult>0</difficult>
		<bndbox>
			<xmin>1794</xmin>
			<ymin>3327</ymin>
			<xmax>1971</xmax>
			<ymax>3722</ymax>
		</bndbox>
	</object>
	<object>
		<name>4ე</name>
		<pose>Unspecified</pose>
		<truncated>0</truncated>
		<difficult>0</difficult>
		<bndbox>
			<xmin>895</xmin>
			<ymin>410</ymin>
			<xmax>973</xmax>
			<ymax>538</ymax>
		</bndbox>
	</object>
	<object>
		<name>5ვ</name>
		<pose>Unspecified</pose>
		<truncated>0</truncated>
		<difficult>0</difficult>
		<bndbox>
			<xmin>964</xmin>
			<ymin>415</ymin>
			<xmax>1027</xmax>
			<ymax>534</ymax>
		</bndbox>
	</object>
	<object>
		<name>16რ</name>
		<pose>Unspecified</pose>
		<truncated>0</truncated>
		<difficult>0</difficult>
		<bndbox>
			<xmin>1014</xmin>
			<ymin>417</ymin>
			<xmax>1103</xmax>
			<ymax>536</ymax>
		</bndbox>
	</object>
	<object>
		<name>13ო</name>
		<pose>Unspecified</pose>
		<truncated>0</truncated>
		<difficult>0</difficult>
		<bndbox>
			<xmin>1092</xmin>
			<ymin>417</ymin>
			<xmax>1180</xmax>
			<ymax>536</ymax>
		</bndbox>
	</object>
	<object>
		<name>14პ</name>
		<pose>Unspecified</pose>
		<truncated>0</truncated>
		<difficult>0</difficult>
		<bndbox>
			<xmin>1166</xmin>
			<ymin>413</ymin>
			<xmax>1229</xmax>
			<ymax>540</ymax>
		</bndbox>
	</object>
	<object>
		<name>19უ</name>
		<pose>Unspecified</pose>
		<truncated>0</truncated>
		<difficult>0</difficult>
		<bndbox>
			<xmin>1218</xmin>
			<ymin>419</ymin>
			<xmax>1292</xmax>
			<ymax>540</ymax>
		</bndbox>
	</object>
	<object>
		<name>10ლ</name>
		<pose>Unspecified</pose>
		<truncated>0</truncated>
		<difficult>0</difficult>
		<bndbox>
			<xmin>1278</xmin>
			<ymin>413</ymin>
			<xmax>1350</xmax>
			<ymax>543</ymax>
		</bndbox>
	</object>
	<object>
		<name>8ი</name>
		<pose>Unspecified</pose>
		<truncated>0</truncated>
		<difficult>0</difficult>
		<bndbox>
			<xmin>1339</xmin>
			<ymin>417</ymin>
			<xmax>1413</xmax>
			<ymax>545</ymax>
		</bndbox>
	</object>
	<object>
		<name>20ფ</name>
		<pose>Unspecified</pose>
		<truncated>0</truncated>
		<difficult>0</difficult>
		<bndbox>
			<xmin>861</xmin>
			<ymin>531</ymin>
			<xmax>953</xmax>
			<ymax>655</ymax>
		</bndbox>
	</object>
	<object>
		<name>30ხ</name>
		<pose>Unspecified</pose>
		<truncated>0</truncated>
		<difficult>0</difficult>
		<bndbox>
			<xmin>998</xmin>
			<ymin>538</ymin>
			<xmax>1063</xmax>
			<ymax>655</ymax>
		</bndbox>
	</object>
	<object>
		<name>17ს</name>
		<pose>Unspecified</pose>
		<truncated>0</truncated>
		<difficult>0</difficult>
		<bndbox>
			<xmin>1052</xmin>
			<ymin>538</ymin>
			<xmax>1119</xmax>
			<ymax>659</ymax>
		</bndbox>
	</object>
	<object>
		<name>0ა</name>
		<pose>Unspecified</pose>
		<truncated>0</truncated>
		<difficult>0</difficult>
		<bndbox>
			<xmin>1110</xmin>
			<ymin>531</ymin>
			<xmax>1175</xmax>
			<ymax>655</ymax>
		</bndbox>
	</object>
	<object>
		<name>26ც</name>
		<pose>Unspecified</pose>
		<truncated>0</truncated>
		<difficult>0</difficult>
		<bndbox>
			<xmin>1164</xmin>
			<ymin>536</ymin>
			<xmax>1233</xmax>
			<ymax>661</ymax>
		</bndbox>
	</object>
	<object>
		<name>11მ</name>
		<pose>Unspecified</pose>
		<truncated>0</truncated>
		<difficult>0</difficult>
		<bndbox>
			<xmin>1224</xmin>
			<ymin>540</ymin>
			<xmax>1289</xmax>
			<ymax>661</ymax>
		</bndbox>
	</object>
	<object>
		<name>3დ</name>
		<pose>Unspecified</pose>
		<truncated>0</truncated>
		<difficult>0</difficult>
		<bndbox>
			<xmin>796</xmin>
			<ymin>650</ymin>
			<xmax>872</xmax>
			<ymax>769</ymax>
		</bndbox>
	</object>
	<object>
		<name>18ტ</name>
		<pose>Unspecified</pose>
		<truncated>0</truncated>
		<difficult>0</difficult>
		<bndbox>
			<xmin>949</xmin>
			<ymin>652</ymin>
			<xmax>1029</xmax>
			<ymax>769</ymax>
		</bndbox>
	</object>
</annotation>