<annotation>
	<folder>georgian_honey</folder>
	<filename>IMG_20230125_173540.jpg</filename>
	<path>/georgian_honey/IMG_20230125_173540.jpg</path>
	<source>
		<database>Unspecified</database>
	</source>
	<size>
		<width>4608</width>
		<height>3456</height>
		<depth>3</depth>
	</size>
	<object>
		<name>17ს</name>
		<pose>Unspecified</pose>
		<truncated>0</truncated>
		<difficult>0</difficult>
		<bndbox>
			<xmin>3056</xmin>
			<ymin>674</ymin>
			<xmax>3161</xmax>
			<ymax>837</ymax>
		</bndbox>
	</object>
	<object>
		<name>0ა</name>
		<pose>Unspecified</pose>
		<truncated>0</truncated>
		<difficult>0</difficult>
		<bndbox>
			<xmin>3151</xmin>
			<ymin>686</ymin>
			<xmax>3221</xmax>
			<ymax>819</ymax>
		</bndbox>
	</object>
	<object>
		<name>21ქ</name>
		<pose>Unspecified</pose>
		<truncated>0</truncated>
		<difficult>0</difficult>
		<bndbox>
			<xmin>3213</xmin>
			<ymin>688</ymin>
			<xmax>3287</xmax>
			<ymax>823</ymax>
		</bndbox>
	</object>
	<object>
		<name>16რ</name>
		<pose>Unspecified</pose>
		<truncated>0</truncated>
		<difficult>0</difficult>
		<bndbox>
			<xmin>3340</xmin>
			<ymin>686</ymin>
			<xmax>3440</xmax>
			<ymax>837</ymax>
		</bndbox>
	</object>
	<object>
		<name>7თ</name>
		<pose>Unspecified</pose>
		<truncated>0</truncated>
		<difficult>0</difficult>
		<bndbox>
			<xmin>3430</xmin>
			<ymin>698</ymin>
			<xmax>3531</xmax>
			<ymax>825</ymax>
		</bndbox>
	</object>
	<object>
		<name>5ვ</name>
		<pose>Unspecified</pose>
		<truncated>0</truncated>
		<difficult>0</difficult>
		<bndbox>
			<xmin>3519</xmin>
			<ymin>700</ymin>
			<xmax>3599</xmax>
			<ymax>825</ymax>
		</bndbox>
	</object>
	<object>
		<name>4ე</name>
		<pose>Unspecified</pose>
		<truncated>0</truncated>
		<difficult>0</difficult>
		<bndbox>
			<xmin>3585</xmin>
			<ymin>686</ymin>
			<xmax>3656</xmax>
			<ymax>841</ymax>
		</bndbox>
	</object>
	<object>
		<name>10ლ</name>
		<pose>Unspecified</pose>
		<truncated>0</truncated>
		<difficult>0</difficult>
		<bndbox>
			<xmin>3650</xmin>
			<ymin>690</ymin>
			<xmax>3730</xmax>
			<ymax>839</ymax>
		</bndbox>
	</object>
	<object>
		<name>20ფ</name>
		<pose>Unspecified</pose>
		<truncated>0</truncated>
		<difficult>0</difficult>
		<bndbox>
			<xmin>3917</xmin>
			<ymin>698</ymin>
			<xmax>4020</xmax>
			<ymax>835</ymax>
		</bndbox>
	</object>
	<object>
		<name>13ო</name>
		<pose>Unspecified</pose>
		<truncated>0</truncated>
		<difficult>0</difficult>
		<bndbox>
			<xmin>4012</xmin>
			<ymin>700</ymin>
			<xmax>4113</xmax>
			<ymax>851</ymax>
		</bndbox>
	</object>
	<object>
		<name>18ტ</name>
		<pose>Unspecified</pose>
		<truncated>0</truncated>
		<difficult>0</difficult>
		<bndbox>
			<xmin>4169</xmin>
			<ymin>696</ymin>
			<xmax>4252</xmax>
			<ymax>839</ymax>
		</bndbox>
	</object>
	<object>
		<name>27ძ</name>
		<pose>Unspecified</pose>
		<truncated>0</truncated>
		<difficult>0</difficult>
		<bndbox>
			<xmin>1647</xmin>
			<ymin>1031</ymin>
			<xmax>1735</xmax>
			<ymax>1180</ymax>
		</bndbox>
	</object>
	<object>
		<name>5ვ</name>
		<pose>Unspecified</pose>
		<truncated>0</truncated>
		<difficult>0</difficult>
		<bndbox>
			<xmin>1725</xmin>
			<ymin>1055</ymin>
			<xmax>1800</xmax>
			<ymax>1200</ymax>
		</bndbox>
	</object>
	<object>
		<name>8ი</name>
		<pose>Unspecified</pose>
		<truncated>0</truncated>
		<difficult>0</difficult>
		<bndbox>
			<xmin>1792</xmin>
			<ymin>1067</ymin>
			<xmax>1862</xmax>
			<ymax>1174</ymax>
		</bndbox>
	</object>
	<object>
		<name>16რ</name>
		<pose>Unspecified</pose>
		<truncated>0</truncated>
		<difficult>0</difficult>
		<bndbox>
			<xmin>1854</xmin>
			<ymin>1033</ymin>
			<xmax>1959</xmax>
			<ymax>1192</ymax>
		</bndbox>
	</object>
	<object>
		<name>20ფ</name>
		<pose>Unspecified</pose>
		<truncated>0</truncated>
		<difficult>0</difficult>
		<bndbox>
			<xmin>1951</xmin>
			<ymin>1069</ymin>
			<xmax>2062</xmax>
			<ymax>1194</ymax>
		</bndbox>
	</object>
	<object>
		<name>0ა</name>
		<pose>Unspecified</pose>
		<truncated>0</truncated>
		<difficult>0</difficult>
		<bndbox>
			<xmin>2056</xmin>
			<ymin>1061</ymin>
			<xmax>2122</xmax>
			<ymax>1180</ymax>
		</bndbox>
	</object>
	<object>
		<name>17ს</name>
		<pose>Unspecified</pose>
		<truncated>0</truncated>
		<difficult>0</difficult>
		<bndbox>
			<xmin>2118</xmin>
			<ymin>1039</ymin>
			<xmax>2192</xmax>
			<ymax>1163</ymax>
		</bndbox>
	</object>
	<object>
		<name>13ო</name>
		<pose>Unspecified</pose>
		<truncated>0</truncated>
		<difficult>0</difficult>
		<bndbox>
			<xmin>2184</xmin>
			<ymin>1067</ymin>
			<xmax>2291</xmax>
			<ymax>1180</ymax>
		</bndbox>
	</object>
	<object>
		<name>11მ</name>
		<pose>Unspecified</pose>
		<truncated>0</truncated>
		<difficult>0</difficult>
		<bndbox>
			<xmin>2567</xmin>
			<ymin>1053</ymin>
			<xmax>2637</xmax>
			<ymax>1168</ymax>
		</bndbox>
	</object>
	<object>
		<name>30ხ</name>
		<pose>Unspecified</pose>
		<truncated>0</truncated>
		<difficult>0</difficult>
		<bndbox>
			<xmin>2637</xmin>
			<ymin>1035</ymin>
			<xmax>2714</xmax>
			<ymax>1206</ymax>
		</bndbox>
	</object>
	<object>
		<name>4ე</name>
		<pose>Unspecified</pose>
		<truncated>0</truncated>
		<difficult>0</difficult>
		<bndbox>
			<xmin>2931</xmin>
			<ymin>1073</ymin>
			<xmax>3006</xmax>
			<ymax>1200</ymax>
		</bndbox>
	</object>
	<object>
		<name>1ბ</name>
		<pose>Unspecified</pose>
		<truncated>0</truncated>
		<difficult>0</difficult>
		<bndbox>
			<xmin>2994</xmin>
			<ymin>1031</ymin>
			<xmax>3074</xmax>
			<ymax>1186</ymax>
		</bndbox>
	</object>
	<object>
		<name>10ლ</name>
		<pose>Unspecified</pose>
		<truncated>0</truncated>
		<difficult>0</difficult>
		<bndbox>
			<xmin>3138</xmin>
			<ymin>1061</ymin>
			<xmax>3273</xmax>
			<ymax>1226</ymax>
		</bndbox>
	</object>
	<object>
		<name>2გ</name>
		<pose>Unspecified</pose>
		<truncated>0</truncated>
		<difficult>0</difficult>
		<bndbox>
			<xmin>830</xmin>
			<ymin>1361</ymin>
			<xmax>930</xmax>
			<ymax>1496</ymax>
		</bndbox>
	</object>
	<object>
		<name>12ნ</name>
		<pose>Unspecified</pose>
		<truncated>0</truncated>
		<difficult>0</difficult>
		<bndbox>
			<xmin>1053</xmin>
			<ymin>1341</ymin>
			<xmax>1134</xmax>
			<ymax>1477</ymax>
		</bndbox>
	</object>
	<object>
		<name>7თ</name>
		<pose>Unspecified</pose>
		<truncated>0</truncated>
		<difficult>0</difficult>
		<bndbox>
			<xmin>1425</xmin>
			<ymin>1365</ymin>
			<xmax>1534</xmax>
			<ymax>1490</ymax>
		</bndbox>
	</object>
	<object>
		<name>28წ</name>
		<pose>Unspecified</pose>
		<truncated>0</truncated>
		<difficult>0</difficult>
		<bndbox>
			<xmin>2269</xmin>
			<ymin>1343</ymin>
			<xmax>2361</xmax>
			<ymax>1512</ymax>
		</bndbox>
	</object>
	<object>
		<name>3დ</name>
		<pose>Unspecified</pose>
		<truncated>0</truncated>
		<difficult>0</difficult>
		<bndbox>
			<xmin>3265</xmin>
			<ymin>1393</ymin>
			<xmax>3374</xmax>
			<ymax>1530</ymax>
		</bndbox>
	</object>
	<object>
		<name>18ტ</name>
		<pose>Unspecified</pose>
		<truncated>0</truncated>
		<difficult>0</difficult>
		<bndbox>
			<xmin>1601</xmin>
			<ymin>1508</ymin>
			<xmax>1711</xmax>
			<ymax>1673</ymax>
		</bndbox>
	</object>
	<object>
		<name>26ც</name>
		<pose>Unspecified</pose>
		<truncated>0</truncated>
		<difficult>0</difficult>
		<bndbox>
			<xmin>1387</xmin>
			<ymin>1522</ymin>
			<xmax>1482</xmax>
			<ymax>1655</ymax>
		</bndbox>
	</object>
	<object>
		<name>6ზ</name>
		<pose>Unspecified</pose>
		<truncated>0</truncated>
		<difficult>0</difficult>
		<bndbox>
			<xmin>2700</xmin>
			<ymin>1675</ymin>
			<xmax>2802</xmax>
			<ymax>1812</ymax>
		</bndbox>
	</object>
	<object>
		<name>9კ</name>
		<pose>Unspecified</pose>
		<truncated>0</truncated>
		<difficult>0</difficult>
		<bndbox>
			<xmin>2420</xmin>
			<ymin>1850</ymin>
			<xmax>2498</xmax>
			<ymax>1977</ymax>
		</bndbox>
	</object>
	<object>
		<name>21ქ</name>
		<pose>Unspecified</pose>
		<truncated>0</truncated>
		<difficult>0</difficult>
		<bndbox>
			<xmin>2869</xmin>
			<ymin>1828</ymin>
			<xmax>2957</xmax>
			<ymax>1985</ymax>
		</bndbox>
	</object>
	<object>
		<name>1ბ</name>
		<pose>Unspecified</pose>
		<truncated>0</truncated>
		<difficult>0</difficult>
		<bndbox>
			<xmin>1130</xmin>
			<ymin>1957</ymin>
			<xmax>1220</xmax>
			<ymax>2095</ymax>
		</bndbox>
	</object>
	<object>
		<name>13ო</name>
		<pose>Unspecified</pose>
		<truncated>0</truncated>
		<difficult>0</difficult>
		<bndbox>
			<xmin>1210</xmin>
			<ymin>1985</ymin>
			<xmax>1311</xmax>
			<ymax>2104</ymax>
		</bndbox>
	</object>
	<object>
		<name>3დ</name>
		<pose>Unspecified</pose>
		<truncated>0</truncated>
		<difficult>0</difficult>
		<bndbox>
			<xmin>1301</xmin>
			<ymin>1991</ymin>
			<xmax>1409</xmax>
			<ymax>2120</ymax>
		</bndbox>
	</object>
	<object>
		<name>8ი</name>
		<pose>Unspecified</pose>
		<truncated>0</truncated>
		<difficult>0</difficult>
		<bndbox>
			<xmin>1401</xmin>
			<ymin>1971</ymin>
			<xmax>1466</xmax>
			<ymax>2093</ymax>
		</bndbox>
	</object>
	<object>
		<name>24შ</name>
		<pose>Unspecified</pose>
		<truncated>0</truncated>
		<difficult>0</difficult>
		<bndbox>
			<xmin>1458</xmin>
			<ymin>1963</ymin>
			<xmax>1538</xmax>
			<ymax>2110</ymax>
		</bndbox>
	</object>
	<object>
		<name>17ს</name>
		<pose>Unspecified</pose>
		<truncated>0</truncated>
		<difficult>0</difficult>
		<bndbox>
			<xmin>1528</xmin>
			<ymin>1971</ymin>
			<xmax>1607</xmax>
			<ymax>2110</ymax>
		</bndbox>
	</object>
	<object>
		<name>2გ</name>
		<pose>Unspecified</pose>
		<truncated>0</truncated>
		<difficult>0</difficult>
		<bndbox>
			<xmin>1615</xmin>
			<ymin>1993</ymin>
			<xmax>1693</xmax>
			<ymax>2128</ymax>
		</bndbox>
	</object>
	<object>
		<name>30ხ</name>
		<pose>Unspecified</pose>
		<truncated>0</truncated>
		<difficult>0</difficult>
		<bndbox>
			<xmin>1746</xmin>
			<ymin>1963</ymin>
			<xmax>1826</xmax>
			<ymax>2101</ymax>
		</bndbox>
	</object>
	<object>
		<name>7თ</name>
		<pose>Unspecified</pose>
		<truncated>0</truncated>
		<difficult>0</difficult>
		<bndbox>
			<xmin>1981</xmin>
			<ymin>1991</ymin>
			<xmax>2108</xmax>
			<ymax>2110</ymax>
		</bndbox>
	</object>
	<object>
		<name>4ე</name>
		<pose>Unspecified</pose>
		<truncated>0</truncated>
		<difficult>0</difficult>
		<bndbox>
			<xmin>2180</xmin>
			<ymin>1999</ymin>
			<xmax>2247</xmax>
			<ymax>2144</ymax>
		</bndbox>
	</object>
	<object>
		<name>21ქ</name>
		<pose>Unspecified</pose>
		<truncated>0</truncated>
		<difficult>0</difficult>
		<bndbox>
			<xmin>2235</xmin>
			<ymin>1973</ymin>
			<xmax>2315</xmax>
			<ymax>2138</ymax>
		</bndbox>
	</object>
	<object>
		<name>11მ</name>
		<pose>Unspecified</pose>
		<truncated>0</truncated>
		<difficult>0</difficult>
		<bndbox>
			<xmin>2303</xmin>
			<ymin>1979</ymin>
			<xmax>2374</xmax>
			<ymax>2120</ymax>
		</bndbox>
	</object>
	<object>
		<name>12ნ</name>
		<pose>Unspecified</pose>
		<truncated>0</truncated>
		<difficult>0</difficult>
		<bndbox>
			<xmin>2366</xmin>
			<ymin>1983</ymin>
			<xmax>2444</xmax>
			<ymax>2132</ymax>
		</bndbox>
	</object>
	<object>
		<name>10ლ</name>
		<pose>Unspecified</pose>
		<truncated>0</truncated>
		<difficult>0</difficult>
		<bndbox>
			<xmin>2504</xmin>
			<ymin>2003</ymin>
			<xmax>2635</xmax>
			<ymax>2148</ymax>
		</bndbox>
	</object>
	<object>
		<name>19უ</name>
		<pose>Unspecified</pose>
		<truncated>0</truncated>
		<difficult>0</difficult>
		<bndbox>
			<xmin>2708</xmin>
			<ymin>1995</ymin>
			<xmax>2802</xmax>
			<ymax>2156</ymax>
		</bndbox>
	</object>
	<object>
		<name>5ვ</name>
		<pose>Unspecified</pose>
		<truncated>0</truncated>
		<difficult>0</difficult>
		<bndbox>
			<xmin>3670</xmin>
			<ymin>2027</ymin>
			<xmax>3750</xmax>
			<ymax>2158</ymax>
		</bndbox>
	</object>
	<object>
		<name>25ჩ</name>
		<pose>Unspecified</pose>
		<truncated>0</truncated>
		<difficult>0</difficult>
		<bndbox>
			<xmin>2814</xmin>
			<ymin>2142</ymin>
			<xmax>2889</xmax>
			<ymax>2285</ymax>
		</bndbox>
	</object>
</annotation>