<annotation>
	<folder>georgian_honey</folder>
	<filename>IMG_20230212_162759.jpg</filename>
	<path>/georgian_honey/IMG_20230212_162759.jpg</path>
	<source>
		<database>Unspecified</database>
	</source>
	<size>
		<width>1200</width>
		<height>1600</height>
		<depth>3</depth>
	</size>
	<object>
		<name>7თ</name>
		<pose>Unspecified</pose>
		<truncated>0</truncated>
		<difficult>0</difficult>
		<bndbox>
			<xmin>365</xmin>
			<ymin>723</ymin>
			<xmax>475</xmax>
			<ymax>840</ymax>
		</bndbox>
	</object>
	<object>
		<name>20ფ</name>
		<pose>Unspecified</pose>
		<truncated>0</truncated>
		<difficult>0</difficult>
		<bndbox>
			<xmin>535</xmin>
			<ymin>725</ymin>
			<xmax>625</xmax>
			<ymax>834</ymax>
		</bndbox>
	</object>
	<object>
		<name>10ლ</name>
		<pose>Unspecified</pose>
		<truncated>0</truncated>
		<difficult>0</difficult>
		<bndbox>
			<xmin>625</xmin>
			<ymin>722</ymin>
			<xmax>749</xmax>
			<ymax>837</ymax>
		</bndbox>
	</object>
</annotation>