<annotation>
	<folder>georgian_honey</folder>
	<filename>IMG_20230212_163857.jpg</filename>
	<path>/georgian_honey/IMG_20230212_163857.jpg</path>
	<source>
		<database>Unspecified</database>
	</source>
	<size>
		<width>3456</width>
		<height>4608</height>
		<depth>3</depth>
	</size>
	<object>
		<name>11მ</name>
		<pose>Unspecified</pose>
		<truncated>0</truncated>
		<difficult>0</difficult>
		<bndbox>
			<xmin>1211</xmin>
			<ymin>2038</ymin>
			<xmax>1446</xmax>
			<ymax>2465</ymax>
		</bndbox>
	</object>
	<object>
		<name>13ო</name>
		<pose>Unspecified</pose>
		<truncated>0</truncated>
		<difficult>0</difficult>
		<bndbox>
			<xmin>1419</xmin>
			<ymin>2055</ymin>
			<xmax>1692</xmax>
			<ymax>2519</ymax>
		</bndbox>
	</object>
	<object>
		<name>30ხ</name>
		<pose>Unspecified</pose>
		<truncated>0</truncated>
		<difficult>0</difficult>
		<bndbox>
			<xmin>1681</xmin>
			<ymin>2049</ymin>
			<xmax>1900</xmax>
			<ymax>2487</ymax>
		</bndbox>
	</object>
</annotation>