<annotation>
	<folder>my-project-name</folder>
	<filename>IMG_20230220_134736.jpg</filename>
	<path>/my-project-name/IMG_20230220_134736.jpg</path>
	<source>
		<database>Unspecified</database>
	</source>
	<size>
		<width>4608</width>
		<height>3456</height>
		<depth>3</depth>
	</size>
	<object>
		<name>24შ</name>
		<pose>Unspecified</pose>
		<truncated>0</truncated>
		<difficult>0</difficult>
		<bndbox>
			<xmin>1407</xmin>
			<ymin>762</ymin>
			<xmax>1570</xmax>
			<ymax>985</ymax>
		</bndbox>
	</object>
	<object>
		<name>14პ</name>
		<pose>Unspecified</pose>
		<truncated>0</truncated>
		<difficult>0</difficult>
		<bndbox>
			<xmin>1564</xmin>
			<ymin>763</ymin>
			<xmax>1678</xmax>
			<ymax>984</ymax>
		</bndbox>
	</object>
	<object>
		<name>0ა</name>
		<pose>Unspecified</pose>
		<truncated>0</truncated>
		<difficult>0</difficult>
		<bndbox>
			<xmin>1671</xmin>
			<ymin>758</ymin>
			<xmax>1782</xmax>
			<ymax>982</ymax>
		</bndbox>
	</object>
	<object>
		<name>16რ</name>
		<pose>Unspecified</pose>
		<truncated>0</truncated>
		<difficult>0</difficult>
		<bndbox>
			<xmin>2076</xmin>
			<ymin>757</ymin>
			<xmax>2236</xmax>
			<ymax>987</ymax>
		</bndbox>
	</object>
	<object>
		<name>8ი</name>
		<pose>Unspecified</pose>
		<truncated>0</truncated>
		<difficult>0</difficult>
		<bndbox>
			<xmin>2233</xmin>
			<ymin>757</ymin>
			<xmax>2342</xmax>
			<ymax>987</ymax>
		</bndbox>
	</object>
	<object>
		<name>17ს</name>
		<pose>Unspecified</pose>
		<truncated>0</truncated>
		<difficult>0</difficult>
		<bndbox>
			<xmin>2340</xmin>
			<ymin>765</ymin>
			<xmax>2451</xmax>
			<ymax>987</ymax>
		</bndbox>
	</object>
	<object>
		<name>30ხ</name>
		<pose>Unspecified</pose>
		<truncated>0</truncated>
		<difficult>0</difficult>
		<bndbox>
			<xmin>2685</xmin>
			<ymin>765</ymin>
			<xmax>2796</xmax>
			<ymax>995</ymax>
		</bndbox>
	</object>
	<object>
		<name>10ლ</name>
		<pose>Unspecified</pose>
		<truncated>0</truncated>
		<difficult>0</difficult>
		<bndbox>
			<xmin>2791</xmin>
			<ymin>755</ymin>
			<xmax>3006</xmax>
			<ymax>992</ymax>
		</bndbox>
	</object>
	<object>
		<name>24შ</name>
		<pose>Unspecified</pose>
		<truncated>0</truncated>
		<difficult>0</difficult>
		<bndbox>
			<xmin>878</xmin>
			<ymin>1880</ymin>
			<xmax>969</xmax>
			<ymax>1981</ymax>
		</bndbox>
	</object>
	<object>
		<name>14პ</name>
		<pose>Unspecified</pose>
		<truncated>0</truncated>
		<difficult>0</difficult>
		<bndbox>
			<xmin>882</xmin>
			<ymin>1972</ymin>
			<xmax>961</xmax>
			<ymax>2070</ymax>
		</bndbox>
	</object>
	<object>
		<name>0ა</name>
		<pose>Unspecified</pose>
		<truncated>0</truncated>
		<difficult>0</difficult>
		<bndbox>
			<xmin>877</xmin>
			<ymin>2063</ymin>
			<xmax>961</xmax>
			<ymax>2166</ymax>
		</bndbox>
	</object>
	<object>
		<name>10ლ</name>
		<pose>Unspecified</pose>
		<truncated>0</truncated>
		<difficult>0</difficult>
		<bndbox>
			<xmin>872</xmin>
			<ymin>2164</ymin>
			<xmax>957</xmax>
			<ymax>2248</ymax>
		</bndbox>
	</object>
	<object>
		<name>4ე</name>
		<pose>Unspecified</pose>
		<truncated>0</truncated>
		<difficult>0</difficult>
		<bndbox>
			<xmin>870</xmin>
			<ymin>2248</ymin>
			<xmax>957</xmax>
			<ymax>2344</ymax>
		</bndbox>
	</object>
	<object>
		<name>16რ</name>
		<pose>Unspecified</pose>
		<truncated>0</truncated>
		<difficult>0</difficult>
		<bndbox>
			<xmin>860</xmin>
			<ymin>2337</ymin>
			<xmax>949</xmax>
			<ymax>2437</ymax>
		</bndbox>
	</object>
	<object>
		<name>8ი</name>
		<pose>Unspecified</pose>
		<truncated>0</truncated>
		<difficult>0</difficult>
		<bndbox>
			<xmin>860</xmin>
			<ymin>2430</ymin>
			<xmax>942</xmax>
			<ymax>2532</ymax>
		</bndbox>
	</object>
</annotation>