<annotation>
	<folder>my-project-name</folder>
	<filename>IMG_20230220_134901.jpg</filename>
	<path>/my-project-name/IMG_20230220_134901.jpg</path>
	<source>
		<database>Unspecified</database>
	</source>
	<size>
		<width>3456</width>
		<height>4608</height>
		<depth>3</depth>
	</size>
	<object>
		<name>17ს</name>
		<pose>Unspecified</pose>
		<truncated>0</truncated>
		<difficult>0</difficult>
		<bndbox>
			<xmin>1896</xmin>
			<ymin>1143</ymin>
			<xmax>1999</xmax>
			<ymax>1287</ymax>
		</bndbox>
	</object>
	<object>
		<name>0ა</name>
		<pose>Unspecified</pose>
		<truncated>0</truncated>
		<difficult>0</difficult>
		<bndbox>
			<xmin>1990</xmin>
			<ymin>1148</ymin>
			<xmax>2084</xmax>
			<ymax>1291</ymax>
		</bndbox>
	</object>
	<object>
		<name>16რ</name>
		<pose>Unspecified</pose>
		<truncated>0</truncated>
		<difficult>0</difficult>
		<bndbox>
			<xmin>2080</xmin>
			<ymin>1137</ymin>
			<xmax>2205</xmax>
			<ymax>1287</ymax>
		</bndbox>
	</object>
	<object>
		<name>4ე</name>
		<pose>Unspecified</pose>
		<truncated>0</truncated>
		<difficult>0</difficult>
		<bndbox>
			<xmin>2196</xmin>
			<ymin>1134</ymin>
			<xmax>2293</xmax>
			<ymax>1287</ymax>
		</bndbox>
	</object>
	<object>
		<name>9კ</name>
		<pose>Unspecified</pose>
		<truncated>0</truncated>
		<difficult>0</difficult>
		<bndbox>
			<xmin>2284</xmin>
			<ymin>1134</ymin>
			<xmax>2378</xmax>
			<ymax>1280</ymax>
		</bndbox>
	</object>
	<object>
		<name>10ლ</name>
		<pose>Unspecified</pose>
		<truncated>0</truncated>
		<difficult>0</difficult>
		<bndbox>
			<xmin>2371</xmin>
			<ymin>1134</ymin>
			<xmax>2542</xmax>
			<ymax>1282</ymax>
		</bndbox>
	</object>
	<object>
		<name>11მ</name>
		<pose>Unspecified</pose>
		<truncated>0</truncated>
		<difficult>0</difficult>
		<bndbox>
			<xmin>2620</xmin>
			<ymin>1134</ymin>
			<xmax>2719</xmax>
			<ymax>1280</ymax>
		</bndbox>
	</object>
	<object>
		<name>13ო</name>
		<pose>Unspecified</pose>
		<truncated>0</truncated>
		<difficult>0</difficult>
		<bndbox>
			<xmin>2712</xmin>
			<ymin>1137</ymin>
			<xmax>2847</xmax>
			<ymax>1280</ymax>
		</bndbox>
	</object>
	<object>
		<name>28წ</name>
		<pose>Unspecified</pose>
		<truncated>0</truncated>
		<difficult>0</difficult>
		<bndbox>
			<xmin>2199</xmin>
			<ymin>1327</ymin>
			<xmax>2304</xmax>
			<ymax>1469</ymax>
		</bndbox>
	</object>
</annotation>