<annotation>
	<folder>georgian_honey</folder>
	<filename>IMG_20230212_162804.jpg</filename>
	<path>/georgian_honey/IMG_20230212_162804.jpg</path>
	<source>
		<database>Unspecified</database>
	</source>
	<size>
		<width>1200</width>
		<height>1600</height>
		<depth>3</depth>
	</size>
	<object>
		<name>2გ</name>
		<pose>Unspecified</pose>
		<truncated>0</truncated>
		<difficult>0</difficult>
		<bndbox>
			<xmin>382</xmin>
			<ymin>866</ymin>
			<xmax>470</xmax>
			<ymax>997</ymax>
		</bndbox>
	</object>
	<object>
		<name>16რ</name>
		<pose>Unspecified</pose>
		<truncated>0</truncated>
		<difficult>0</difficult>
		<bndbox>
			<xmin>470</xmin>
			<ymin>859</ymin>
			<xmax>575</xmax>
			<ymax>997</ymax>
		</bndbox>
	</object>
</annotation>