<annotation>
	<folder>my-project-name</folder>
	<filename>IMG_20230219_144541.jpg</filename>
	<path>/my-project-name/IMG_20230219_144541.jpg</path>
	<source>
		<database>Unspecified</database>
	</source>
	<size>
		<width>4608</width>
		<height>3456</height>
		<depth>3</depth>
	</size>
	<object>
		<name>30ხ</name>
		<pose>Unspecified</pose>
		<truncated>0</truncated>
		<difficult>0</difficult>
		<bndbox>
			<xmin>327</xmin>
			<ymin>656</ymin>
			<xmax>832</xmax>
			<ymax>1908</ymax>
		</bndbox>
	</object>
	<object>
		<name>8ი</name>
		<pose>Unspecified</pose>
		<truncated>0</truncated>
		<difficult>0</difficult>
		<bndbox>
			<xmin>819</xmin>
			<ymin>643</ymin>
			<xmax>1343</xmax>
			<ymax>1928</ymax>
		</bndbox>
	</object>
	<object>
		<name>12ნ</name>
		<pose>Unspecified</pose>
		<truncated>0</truncated>
		<difficult>0</difficult>
		<bndbox>
			<xmin>1330</xmin>
			<ymin>643</ymin>
			<xmax>1861</xmax>
			<ymax>1928</ymax>
		</bndbox>
	</object>
	<object>
		<name>9კ</name>
		<pose>Unspecified</pose>
		<truncated>0</truncated>
		<difficult>0</difficult>
		<bndbox>
			<xmin>1815</xmin>
			<ymin>643</ymin>
			<xmax>2360</xmax>
			<ymax>1941</ymax>
		</bndbox>
	</object>
	<object>
		<name>0ა</name>
		<pose>Unspecified</pose>
		<truncated>0</truncated>
		<difficult>0</difficult>
		<bndbox>
			<xmin>2320</xmin>
			<ymin>649</ymin>
			<xmax>2819</xmax>
			<ymax>1935</ymax>
		</bndbox>
	</object>
	<object>
		<name>10ლ</name>
		<pose>Unspecified</pose>
		<truncated>0</truncated>
		<difficult>0</difficult>
		<bndbox>
			<xmin>2806</xmin>
			<ymin>649</ymin>
			<xmax>3724</xmax>
			<ymax>1941</ymax>
		</bndbox>
	</object>
	<object>
		<name>8ი</name>
		<pose>Unspecified</pose>
		<truncated>0</truncated>
		<difficult>0</difficult>
		<bndbox>
			<xmin>3691</xmin>
			<ymin>643</ymin>
			<xmax>4222</xmax>
			<ymax>1941</ymax>
		</bndbox>
	</object>
</annotation>