label_name,bbox_x,bbox_y,bbox_width,bbox_height,image_name,image_width,image_height
0ა,983,1796,267,436,IMG_20230315_001116.jpg,4608,3456
0ა,3436,1152,267,377,IMG_20230315_001116.jpg,4608,3456
8ი,4029,1145,286,371,IMG_20230315_001116.jpg,4608,3456
8ი,3996,1796,306,423,IMG_20230315_001116.jpg,4608,3456
8ი,3554,1764,254,462,IMG_20230315_001116.jpg,4608,3456
8ი,2213,1809,280,443,IMG_20230315_001116.jpg,4608,3456
17ს,2799,1783,260,482,IMG_20230315_001116.jpg,4608,3456
17ს,2454,1822,280,404,IMG_20230315_001116.jpg,4608,3456
10ლ,1770,1816,462,391,IMG_20230315_001116.jpg,4608,3456
13ო,234,1790,436,456,IMG_20230315_001116.jpg,4608,3456
13ო,2864,1145,384,410,IMG_20230315_001116.jpg,4608,3456
4ე,3332,1796,260,456,IMG_20230315_001116.jpg,4608,3456
19უ,1477,1809,312,417,IMG_20230315_001116.jpg,4608,3456
16რ,644,1809,364,417,IMG_20230315_001116.jpg,4608,3456
2გ,1224,1803,280,423,IMG_20230315_001116.jpg,4608,3456
12ნ,2584,1113,312,404,IMG_20230315_001116.jpg,4608,3456
7თ,3684,1159,364,364,IMG_20230315_001116.jpg,4608,3456
1ბ,3209,1106,267,417,IMG_20230315_001116.jpg,4608,3456
18ტ,3046,1803,319,436,IMG_20230315_001116.jpg,4608,3456
9კ,3794,1783,221,436,IMG_20230315_001116.jpg,4608,3456
0ა,3100,2319,152,212,IMG_20230425_142943-2.jpg,4608,3456
0ა,1265,642,58,93,IMG_20230425_142943-2.jpg,4608,3456
0ა,851,812,57,93,IMG_20230425_142943-2.jpg,4608,3456
0ა,1312,824,53,85,IMG_20230425_142943-2.jpg,4608,3456
0ა,626,992,52,73,IMG_20230425_142943-2.jpg,4608,3456
0ა,821,989,55,77,IMG_20230425_142943-2.jpg,4608,3456
0ა,1245,994,57,83,IMG_20230425_142943-2.jpg,4608,3456
0ა,1697,997,53,83,IMG_20230425_142943-2.jpg,4608,3456
0ა,673,1154,58,82,IMG_20230425_142943-2.jpg,4608,3456
0ა,1265,1157,55,87,IMG_20230425_142943-2.jpg,4608,3456
0ა,1111,1318,57,80,IMG_20230425_142943-2.jpg,4608,3456
0ა,1212,1321,53,78,IMG_20230425_142943-2.jpg,4608,3456
0ა,1130,1471,57,78,IMG_20230425_142943-2.jpg,4608,3456
0ა,1228,1479,57,73,IMG_20230425_142943-2.jpg,4608,3456
0ა,1101,1626,53,73,IMG_20230425_142943-2.jpg,4608,3456
0ა,1197,1630,53,78,IMG_20230425_142943-2.jpg,4608,3456
0ა,975,1765,52,80,IMG_20230425_142943-2.jpg,4608,3456
0ა,1187,1775,53,75,IMG_20230425_142943-2.jpg,4608,3456
0ა,1282,1775,50,77,IMG_20230425_142943-2.jpg,4608,3456
0ა,766,1920,48,75,IMG_20230425_142943-2.jpg,4608,3456
0ა,945,1920,52,70,IMG_20230425_142943-2.jpg,4608,3456
0ა,1332,1920,48,70,IMG_20230425_142943-2.jpg,4608,3456
0ა,1539,1917,48,72,IMG_20230425_142943-2.jpg,4608,3456
0ა,1634,1917,47,70,IMG_20230425_142943-2.jpg,4608,3456
0ა,806,2061,53,68,IMG_20230425_142943-2.jpg,4608,3456
0ა,1146,2051,52,73,IMG_20230425_142943-2.jpg,4608,3456
0ა,1240,2058,50,67,IMG_20230425_142943-2.jpg,4608,3456
0ა,960,2195,50,68,IMG_20230425_142943-2.jpg,4608,3456
0ა,916,2325,58,65,IMG_20230425_142943-2.jpg,4608,3456
0ა,879,2700,48,62,IMG_20230425_142943-2.jpg,4608,3456
0ა,935,3047,43,55,IMG_20230425_142943-2.jpg,4608,3456
0ა,1011,3047,43,53,IMG_20230425_142943-2.jpg,4608,3456
0ა,950,3156,40,55,IMG_20230425_142943-2.jpg,4608,3456
0ა,2340,2752,47,63,IMG_20230425_142943-2.jpg,4608,3456
0ა,2426,2755,45,60,IMG_20230425_142943-2.jpg,4608,3456
0ა,2365,2612,48,60,IMG_20230425_142943-2.jpg,4608,3456
0ა,2540,2613,47,58,IMG_20230425_142943-2.jpg,4608,3456
0ა,2623,2617,57,57,IMG_20230425_142943-2.jpg,4608,3456
0ა,2345,2166,43,58,IMG_20230425_142943-2.jpg,4608,3456
0ა,2455,2164,47,63,IMG_20230425_142943-2.jpg,4608,3456
0ა,2637,1605,50,72,IMG_20230425_142943-2.jpg,4608,3456
0ა,3029,1607,50,67,IMG_20230425_142943-2.jpg,4608,3456
0ა,2769,1328,53,72,IMG_20230425_142943-2.jpg,4608,3456
0ა,2647,1328,58,72,IMG_20230425_142943-2.jpg,4608,3456
0ა,2655,1172,52,75,IMG_20230425_142943-2.jpg,4608,3456
0ა,2662,1005,60,75,IMG_20230425_142943-2.jpg,4608,3456
0ა,2386,661,58,78,IMG_20230425_142943-2.jpg,4608,3456
0ა,2894,654,53,88,IMG_20230425_142943-2.jpg,4608,3456
32ჰ,2840,637,60,108,IMG_20230425_142943-2.jpg,4608,3456
32ჰ,2305,816,58,98,IMG_20230425_142943-2.jpg,4608,3456
32ჰ,905,3141,47,72,IMG_20230425_142943-2.jpg,4608,3456
25ჩ,2452,2016,50,80,IMG_20230425_142943-2.jpg,4608,3456
30ხ,2438,641,53,100,IMG_20230425_142943-2.jpg,4608,3456
31ჯ,2727,1172,53,90,IMG_20230425_142943-2.jpg,4608,3456
29ჭ,724,1140,53,113,IMG_20230425_142943-2.jpg,4608,3456
29ჭ,1148,1610,53,107,IMG_20230425_142943-2.jpg,4608,3456
29ჭ,1178,1455,55,107,IMG_20230425_142943-2.jpg,4608,3456
29ჭ,1160,1310,55,108,IMG_20230425_142943-2.jpg,4608,3456
29ჭ,1232,1757,55,102,IMG_20230425_142943-2.jpg,4608,3456
29ჭ,1582,1899,55,102,IMG_20230425_142943-2.jpg,4608,3456
29ჭ,1190,2046,55,102,IMG_20230425_142943-2.jpg,4608,3456
29ჭ,851,2043,50,97,IMG_20230425_142943-2.jpg,4608,3456
21ქ,889,3037,48,78,IMG_20230425_142943-2.jpg,4608,3456
21ქ,2719,1313,57,102,IMG_20230425_142943-2.jpg,4608,3456
21ქ,2293,2151,55,95,IMG_20230425_142943-2.jpg,4608,3456
30ხ,1053,1298,63,93,IMG_20230425_142943-2.jpg,4608,3456
30ხ,1078,1457,60,92,IMG_20230425_142943-2.jpg,4608,3456
30ხ,1046,1614,60,90,IMG_20230425_142943-2.jpg,4608,3456
30ხ,1135,1756,60,93,IMG_20230425_142943-2.jpg,4608,3456
30ხ,1485,1909,60,73,IMG_20230425_142943-2.jpg,4608,3456
30ხ,1098,2031,55,100,IMG_20230425_142943-2.jpg,4608,3456
1ბ,2293,2740,52,72,IMG_20230425_142943-2.jpg,4608,3456
1ბ,1163,632,57,98,IMG_20230425_142943-2.jpg,4608,3456
1ბ,1207,811,55,95,IMG_20230425_142943-2.jpg,4608,3456
1ბ,1595,983,60,92,IMG_20230425_142943-2.jpg,4608,3456
1ბ,1167,1150,55,83,IMG_20230425_142943-2.jpg,4608,3456
1ბ,848,2181,53,88,IMG_20230425_142943-2.jpg,4608,3456
1ბ,1023,3144,47,65,IMG_20230425_142943-2.jpg,4608,3456
1ბ,1050,3034,45,68,IMG_20230425_142943-2.jpg,4608,3456
1ბ,970,3029,47,72,IMG_20230425_142943-2.jpg,4608,3456
6ზ,1537,2682,52,72,IMG_20230425_142943-2.jpg,4608,3456
2გ,1163,3156,47,65,IMG_20230425_142943-2.jpg,4608,3456
2გ,671,1624,60,92,IMG_20230425_142943-2.jpg,4608,3456
2გ,749,1480,55,87,IMG_20230425_142943-2.jpg,4608,3456
1ბ,2992,643,57,97,IMG_20230425_142943-2.jpg,4608,3456
3დ,2301,666,93,90,IMG_20230425_142943-2.jpg,4608,3456
3დ,2540,841,87,87,IMG_20230425_142943-2.jpg,4608,3456
3დ,2815,1337,77,75,IMG_20230425_142943-2.jpg,4608,3456
3დ,3074,1605,73,85,IMG_20230425_142943-2.jpg,4608,3456
3დ,2385,2163,75,77,IMG_20230425_142943-2.jpg,4608,3456
3დ,893,2195,73,80,IMG_20230425_142943-2.jpg,4608,3456
20ფ,544,823,90,88,IMG_20230425_142943-2.jpg,4608,3456
20ფ,946,998,82,90,IMG_20230425_142943-2.jpg,4608,3456
20ფ,696,1781,82,78,IMG_20230425_142943-2.jpg,4608,3456
20ფ,1058,1923,77,87,IMG_20230425_142943-2.jpg,4608,3456
20ფ,1093,2702,72,72,IMG_20230425_142943-2.jpg,4608,3456
20ფ,2296,2618,75,70,IMG_20230425_142943-2.jpg,4608,3456
20ფ,2303,1604,77,88,IMG_20230425_142943-2.jpg,4608,3456
20ფ,2298,1333,88,85,IMG_20230425_142943-2.jpg,4608,3456
20ფ,2303,1168,82,92,IMG_20230425_142943-2.jpg,4608,3456
20ფ,2303,1003,87,95,IMG_20230425_142943-2.jpg,4608,3456
30ხ,671,970,55,92,IMG_20230425_142943-2.jpg,4608,3456
10ლ,799,646,108,92,IMG_20230425_142943-2.jpg,4608,3456
10ლ,981,648,112,97,IMG_20230425_142943-2.jpg,4608,3456
10ლ,1033,819,107,98,IMG_20230425_142943-2.jpg,4608,3456
10ლ,1420,1000,107,90,IMG_20230425_142943-2.jpg,4608,3456
10ლ,995,1165,107,85,IMG_20230425_142943-2.jpg,4608,3456
10ლ,819,1155,103,95,IMG_20230425_142943-2.jpg,4608,3456
10ლ,888,1322,107,80,IMG_20230425_142943-2.jpg,4608,3456
10ლ,913,1484,103,85,IMG_20230425_142943-2.jpg,4608,3456
10ლ,886,1630,102,87,IMG_20230425_142943-2.jpg,4608,3456
10ლ,1200,2695,87,78,IMG_20230425_142943-2.jpg,4608,3456
10ლ,1625,2697,88,70,IMG_20230425_142943-2.jpg,4608,3456
10ლ,2452,2618,95,70,IMG_20230425_142943-2.jpg,4608,3456
10ლ,2939,1610,97,80,IMG_20230425_142943-2.jpg,4608,3456
10ლ,3107,1328,97,92,IMG_20230425_142943-2.jpg,4608,3456
10ლ,2663,664,103,93,IMG_20230425_142943-2.jpg,4608,3456
8ი,517,646,60,75,IMG_20230425_142943-2.jpg,4608,3456
8ი,900,648,62,73,IMG_20230425_142943-2.jpg,4608,3456
8ი,1370,658,60,73,IMG_20230425_142943-2.jpg,4608,3456
8ი,1412,824,58,82,IMG_20230425_142943-2.jpg,4608,3456
8ი,1215,654,57,77,IMG_20230425_142943-2.jpg,4608,3456
8ი,1260,828,55,77,IMG_20230425_142943-2.jpg,4608,3456
8ი,1343,1003,60,70,IMG_20230425_142943-2.jpg,4608,3456
8ი,1796,1006,58,70,IMG_20230425_142943-2.jpg,4608,3456
8ი,1645,1001,57,83,IMG_20230425_142943-2.jpg,4608,3456
8ი,1362,1163,62,77,IMG_20230425_142943-2.jpg,4608,3456
8ი,1217,1167,57,73,IMG_20230425_142943-2.jpg,4608,3456
8ი,1424,1320,55,75,IMG_20230425_142943-2.jpg,4608,3456
8ი,1440,1480,55,77,IMG_20230425_142943-2.jpg,4608,3456
8ი,1402,1634,63,67,IMG_20230425_142943-2.jpg,4608,3456
8ი,1485,1781,57,70,IMG_20230425_142943-2.jpg,4608,3456
8ი,918,1158,55,78,IMG_20230425_142943-2.jpg,4608,3456
8ი,985,1327,52,72,IMG_20230425_142943-2.jpg,4608,3456
8ი,1008,1480,55,73,IMG_20230425_142943-2.jpg,4608,3456
8ი,983,1630,48,70,IMG_20230425_142943-2.jpg,4608,3456
8ი,617,1325,65,70,IMG_20230425_142943-2.jpg,4608,3456
8ი,1066,1782,55,68,IMG_20230425_142943-2.jpg,4608,3456
8ი,1420,1924,52,72,IMG_20230425_142943-2.jpg,4608,3456
8ი,1439,2058,55,68,IMG_20230425_142943-2.jpg,4608,3456
8ი,1831,1924,63,60,IMG_20230425_142943-2.jpg,4608,3456
8ი,1030,2066,57,60,IMG_20230425_142943-2.jpg,4608,3456
8ი,1068,2198,55,62,IMG_20230425_142943-2.jpg,4608,3456
8ი,824,2335,50,57,IMG_20230425_142943-2.jpg,4608,3456
8ი,1282,2702,45,57,IMG_20230425_142943-2.jpg,4608,3456
8ი,1160,2700,45,60,IMG_20230425_142943-2.jpg,4608,3456
8ი,1706,2690,52,67,IMG_20230425_142943-2.jpg,4608,3456
8ი,1088,3046,50,55,IMG_20230425_142943-2.jpg,4608,3456
8ი,1302,3151,48,57,IMG_20230425_142943-2.jpg,4608,3456
8ი,2510,2759,50,53,IMG_20230425_142943-2.jpg,4608,3456
8ი,3383,2336,167,192,IMG_20230425_142943-2.jpg,4608,3456
8ი,2495,2031,52,63,IMG_20230425_142943-2.jpg,4608,3456
8ი,2585,2036,50,57,IMG_20230425_142943-2.jpg,4608,3456
8ი,2483,1751,50,68,IMG_20230425_142943-2.jpg,4608,3456
8ი,3144,1610,52,67,IMG_20230425_142943-2.jpg,4608,3456
8ი,3199,1333,53,70,IMG_20230425_142943-2.jpg,4608,3456
8ი,2885,1330,52,75,IMG_20230425_142943-2.jpg,4608,3456
8ი,2872,1177,53,70,IMG_20230425_142943-2.jpg,4608,3456
8ი,2745,838,63,80,IMG_20230425_142943-2.jpg,4608,3456
8ი,2764,669,57,73,IMG_20230425_142943-2.jpg,4608,3456
8ი,3346,668,60,80,IMG_20230425_142943-2.jpg,4608,3456
26ც,869,2333,52,73,IMG_20230425_142943-2.jpg,4608,3456
16რ,1105,3142,63,65,IMG_20230425_142943-2.jpg,4608,3456
16რ,1242,3139,67,63,IMG_20230425_142943-2.jpg,4608,3456
16რ,921,2692,65,68,IMG_20230425_142943-2.jpg,4608,3456
16რ,1006,2178,67,78,IMG_20230425_142943-2.jpg,4608,3456
16რ,1372,2046,72,73,IMG_20230425_142943-2.jpg,4608,3456
16რ,734,2046,78,78,IMG_20230425_142943-2.jpg,4608,3456
16რ,988,1902,78,83,IMG_20230425_142943-2.jpg,4608,3456
16რ,1766,1907,73,77,IMG_20230425_142943-2.jpg,4608,3456
16რ,1417,1766,73,77,IMG_20230425_142943-2.jpg,4608,3456
16რ,771,1614,75,82,IMG_20230425_142943-2.jpg,4608,3456
16რ,1335,1610,77,83,IMG_20230425_142943-2.jpg,4608,3456
16რ,1368,1469,78,80,IMG_20230425_142943-2.jpg,4608,3456
16რ,1353,1307,75,80,IMG_20230425_142943-2.jpg,4608,3456
16რ,771,1307,75,83,IMG_20230425_142943-2.jpg,4608,3456
16რ,597,1140,85,92,IMG_20230425_142943-2.jpg,4608,3456
16რ,869,971,82,93,IMG_20230425_142943-2.jpg,4608,3456
16რ,671,619,85,98,IMG_20230425_142943-2.jpg,4608,3456
16რ,2537,644,83,92,IMG_20230425_142943-2.jpg,4608,3456
16რ,3092,648,78,100,IMG_20230425_142943-2.jpg,4608,3456
16რ,3271,641,78,97,IMG_20230425_142943-2.jpg,4608,3456
16რ,2755,2338,209,182,IMG_20230425_142943-2.jpg,4608,3456
2გ,2420,2341,177,179,IMG_20230425_142943-2.jpg,4608,3456
12ნ,2468,2739,45,73,IMG_20230425_142943-2.jpg,4608,3456
12ნ,2383,2737,47,73,IMG_20230425_142943-2.jpg,4608,3456
12ნ,3236,2326,159,195,IMG_20230425_142943-2.jpg,4608,3456
12ნ,2406,2019,53,73,IMG_20230425_142943-2.jpg,4608,3456
12ნ,2421,1592,53,85,IMG_20230425_142943-2.jpg,4608,3456
12ნ,2423,1312,57,90,IMG_20230425_142943-2.jpg,4608,3456
12ნ,2428,1155,55,93,IMG_20230425_142943-2.jpg,4608,3456
12ნ,2431,983,57,98,IMG_20230425_142943-2.jpg,4608,3456
12ნ,1170,1907,53,75,IMG_20230425_142943-2.jpg,4608,3456
12ნ,709,1909,60,78,IMG_20230425_142943-2.jpg,4608,3456
12ნ,1378,1902,50,80,IMG_20230425_142943-2.jpg,4608,3456
12ნ,814,1761,53,83,IMG_20230425_142943-2.jpg,4608,3456
12ნ,1018,1761,55,87,IMG_20230425_142943-2.jpg,4608,3456
12ნ,566,968,67,93,IMG_20230425_142943-2.jpg,4608,3456
12ნ,1071,978,58,92,IMG_20230425_142943-2.jpg,4608,3456
12ნ,1295,966,57,103,IMG_20230425_142943-2.jpg,4608,3456
12ნ,1742,983,58,95,IMG_20230425_142943-2.jpg,4608,3456
12ნ,1357,801,62,100,IMG_20230425_142943-2.jpg,4608,3456
12ნ,1313,622,62,115,IMG_20230425_142943-2.jpg,4608,3456
12ნ,674,793,60,100,IMG_20230425_142943-2.jpg,4608,3456
12ნ,898,799,60,97,IMG_20230425_142943-2.jpg,4608,3456
11მ,566,614,60,102,IMG_20230425_142943-2.jpg,4608,3456
11მ,673,1305,55,83,IMG_20230425_142943-2.jpg,4608,3456
11მ,643,1465,63,85,IMG_20230425_142943-2.jpg,4608,3456
11მ,988,3146,43,65,IMG_20230425_142943-2.jpg,4608,3456
11მ,2951,2336,162,187,IMG_20230425_142943-2.jpg,4608,3456
11მ,2822,1157,58,90,IMG_20230425_142943-2.jpg,4608,3456
12ნ,1310,1136,58,105,IMG_20230425_142943-2.jpg,4608,3456
19უ,2583,2335,180,187,IMG_20230425_142943-2.jpg,4608,3456
19უ,746,643,57,103,IMG_20230425_142943-2.jpg,4608,3456
19უ,773,1165,53,87,IMG_20230425_142943-2.jpg,4608,3456
19უ,839,1315,58,95,IMG_20230425_142943-2.jpg,4608,3456
19უ,864,1480,57,90,IMG_20230425_142943-2.jpg,4608,3456
19უ,838,1625,55,98,IMG_20230425_142943-2.jpg,4608,3456
19უ,724,1624,52,92,IMG_20230425_142943-2.jpg,4608,3456
19უ,1290,1632,53,90,IMG_20230425_142943-2.jpg,4608,3456
19უ,1323,1482,53,88,IMG_20230425_142943-2.jpg,4608,3456
19უ,1305,1315,55,100,IMG_20230425_142943-2.jpg,4608,3456
19უ,1370,1774,55,88,IMG_20230425_142943-2.jpg,4608,3456
19უ,1724,1923,48,83,IMG_20230425_142943-2.jpg,4608,3456
19უ,1325,2056,55,82,IMG_20230425_142943-2.jpg,4608,3456
19უ,894,2061,53,87,IMG_20230425_142943-2.jpg,4608,3456
19უ,806,2201,48,80,IMG_20230425_142943-2.jpg,4608,3456
19უ,1061,3156,47,65,IMG_20230425_142943-2.jpg,4608,3456
19უ,2537,1607,57,85,IMG_20230425_142943-2.jpg,4608,3456
19უ,2371,1604,53,92,IMG_20230425_142943-2.jpg,4608,3456
19უ,2547,1332,55,85,IMG_20230425_142943-2.jpg,4608,3456
19უ,2552,1167,53,93,IMG_20230425_142943-2.jpg,4608,3456
19უ,3061,1328,52,87,IMG_20230425_142943-2.jpg,4608,3456
19უ,2378,1173,57,97,IMG_20230425_142943-2.jpg,4608,3456
19უ,2375,1322,55,95,IMG_20230425_142943-2.jpg,4608,3456
19უ,2553,1011,63,87,IMG_20230425_142943-2.jpg,4608,3456
19უ,2381,1011,57,92,IMG_20230425_142943-2.jpg,4608,3456
19უ,2487,666,58,95,IMG_20230425_142943-2.jpg,4608,3456
19უ,2610,659,57,102,IMG_20230425_142943-2.jpg,4608,3456
19უ,3042,663,57,95,IMG_20230425_142943-2.jpg,4608,3456
30ხ,2408,2603,48,75,IMG_20230425_142943-2.jpg,4608,3456
4ე,1203,3152,45,72,IMG_20230425_142943-2.jpg,4608,3456
4ე,1497,2697,42,72,IMG_20230425_142943-2.jpg,4608,3456
4ე,1582,2704,48,67,IMG_20230425_142943-2.jpg,4608,3456
4ე,854,1928,53,75,IMG_20230425_142943-2.jpg,4608,3456
4ე,1126,1916,53,90,IMG_20230425_142943-2.jpg,4608,3456
4ე,723,1323,55,90,IMG_20230425_142943-2.jpg,4608,3456
4ე,724,998,55,87,IMG_20230425_142943-2.jpg,4608,3456
4ე,1023,998,55,93,IMG_20230425_142943-2.jpg,4608,3456
4ე,626,823,55,103,IMG_20230425_142943-2.jpg,4608,3456
4ე,622,643,53,93,IMG_20230425_142943-2.jpg,4608,3456
4ე,3221,669,55,92,IMG_20230425_142943-2.jpg,4608,3456
4ე,2772,1170,58,97,IMG_20230425_142943-2.jpg,4608,3456
4ე,2348,1752,50,83,IMG_20230425_142943-2.jpg,4608,3456
11მ,2940,636,60,105,IMG_20230425_142943-2.jpg,4608,3456
2გ,3167,661,58,105,IMG_20230425_142943-2.jpg,4608,3456
2გ,2695,838,57,98,IMG_20230425_142943-2.jpg,4608,3456
14პ,2298,2013,52,90,IMG_20230425_142943-2.jpg,4608,3456
14პ,1258,1295,52,97,IMG_20230425_142943-2.jpg,4608,3456
14პ,1674,1902,52,82,IMG_20230425_142943-2.jpg,4608,3456
14პ,1282,2041,50,83,IMG_20230425_142943-2.jpg,4608,3456
14პ,1325,1746,52,100,IMG_20230425_142943-2.jpg,4608,3456
14პ,1242,1614,50,83,IMG_20230425_142943-2.jpg,4608,3456
14პ,1277,1454,53,95,IMG_20230425_142943-2.jpg,4608,3456
10ლ,941,2064,95,77,IMG_20230425_142943-2.jpg,4608,3456
5ვ,2580,2623,50,70,IMG_20230425_142943-2.jpg,4608,3456
5ვ,801,823,58,98,IMG_20230425_142943-2.jpg,4608,3456
5ვ,1197,1000,57,97,IMG_20230425_142943-2.jpg,4608,3456
5ვ,773,986,55,103,IMG_20230425_142943-2.jpg,4608,3456
5ვ,930,1779,52,83,IMG_20230425_142943-2.jpg,4608,3456
5ვ,1287,1924,53,83,IMG_20230425_142943-2.jpg,4608,3456
5ვ,1454,2699,45,70,IMG_20230425_142943-2.jpg,4608,3456
14პ,779,2306,50,83,IMG_20230425_142943-2.jpg,4608,3456
9კ,761,2200,50,75,IMG_20230425_142943-2.jpg,4608,3456
9კ,2542,2036,47,75,IMG_20230425_142943-2.jpg,4608,3456
9კ,2300,1754,53,75,IMG_20230425_142943-2.jpg,4608,3456
9კ,2393,1741,48,88,IMG_20230425_142943-2.jpg,4608,3456
9კ,2825,1609,50,90,IMG_20230425_142943-2.jpg,4608,3456
9კ,839,2709,47,62,IMG_20230425_142943-2.jpg,4608,3456
22ღ,1388,2700,68,63,IMG_20230425_142943-2.jpg,4608,3456
13ო,2356,838,80,72,IMG_20230425_142943-2.jpg,4608,3456
13ო,2620,839,75,78,IMG_20230425_142943-2.jpg,4608,3456
13ო,2755,1614,73,60,IMG_20230425_142943-2.jpg,4608,3456
13ო,2870,1604,72,73,IMG_20230425_142943-2.jpg,4608,3456
13ო,2341,2031,73,68,IMG_20230425_142943-2.jpg,4608,3456
13ო,1030,2705,68,57,IMG_20230425_142943-2.jpg,4608,3456
13ო,1217,1917,75,68,IMG_20230425_142943-2.jpg,4608,3456
13ო,859,1779,77,68,IMG_20230425_142943-2.jpg,4608,3456
13ო,1093,1163,77,75,IMG_20230425_142943-2.jpg,4608,3456
13ო,1121,995,80,77,IMG_20230425_142943-2.jpg,4608,3456
13ო,1520,1000,83,83,IMG_20230425_142943-2.jpg,4608,3456
13ო,1085,643,85,82,IMG_20230425_142943-2.jpg,4608,3456
13ო,1131,828,83,78,IMG_20230425_142943-2.jpg,4608,3456
13ო,728,821,83,75,IMG_20230425_142943-2.jpg,4608,3456
8ი,951,819,62,85,IMG_20230425_142943-2.jpg,4608,3456
16რ,794,1459,77,87,IMG_20230425_142943-2.jpg,4608,3456
4ე,699,1482,55,85,IMG_20230425_142943-2.jpg,4608,3456
4ე,768,1777,53,80,IMG_20230425_142943-2.jpg,4608,3456
30ხ,808,1906,52,78,IMG_20230425_142943-2.jpg,4608,3456
5ვ,900,1926,53,80,IMG_20230425_142943-2.jpg,4608,3456
17ს,1322,2683,50,72,IMG_20230425_142943-2.jpg,4608,3456
17ს,2437,1732,50,78,IMG_20230425_142943-2.jpg,4608,3456
17ს,2932,1312,62,83,IMG_20230425_142943-2.jpg,4608,3456
7თ,3189,1610,85,67,IMG_20230425_142943-2.jpg,4608,3456
7თ,3244,1335,87,62,IMG_20230425_142943-2.jpg,4608,3456
7თ,2917,1172,88,77,IMG_20230425_142943-2.jpg,4608,3456
7თ,2428,841,87,78,IMG_20230425_142943-2.jpg,4608,3456
7თ,2467,1605,77,73,IMG_20230425_142943-2.jpg,4608,3456
24შ,2707,1592,57,90,IMG_20230425_142943-2.jpg,4608,3456
24შ,2583,1587,57,83,IMG_20230425_142943-2.jpg,4608,3456
24შ,2597,1307,55,98,IMG_20230425_142943-2.jpg,4608,3456
24შ,2602,1150,57,92,IMG_20230425_142943-2.jpg,4608,3456
24შ,2607,993,60,90,IMG_20230425_142943-2.jpg,4608,3456
7თ,2482,1010,82,78,IMG_20230425_142943-2.jpg,4608,3456
7თ,2478,1167,80,78,IMG_20230425_142943-2.jpg,4608,3456
7თ,2473,1333,78,72,IMG_20230425_142943-2.jpg,4608,3456
2გ,3006,1330,55,88,IMG_20230425_142943-2.jpg,4608,3456
18ტ,981,2700,55,75,IMG_20230425_142943-2.jpg,4608,3456
0ა,442,237,25,41,IMG_20230426_162029.jpg,1240,1548
0ა,210,466,23,41,IMG_20230426_162029.jpg,1240,1548
0ა,868,170,61,89,IMG_20230426_162029.jpg,1240,1548
0ა,757,324,18,39,IMG_20230426_162029.jpg,1240,1548
0ა,762,376,13,26,IMG_20230426_162029.jpg,1240,1548
0ა,838,324,24,41,IMG_20230426_162029.jpg,1240,1548
0ა,818,374,18,30,IMG_20230426_162029.jpg,1240,1548
0ა,942,325,25,44,IMG_20230426_162029.jpg,1240,1548
0ა,892,381,18,28,IMG_20230426_162029.jpg,1240,1548
0ა,868,417,21,32,IMG_20230426_162029.jpg,1240,1548
0ა,751,414,13,25,IMG_20230426_162029.jpg,1240,1548
0ა,847,460,19,28,IMG_20230426_162029.jpg,1240,1548
0ა,884,460,18,28,IMG_20230426_162029.jpg,1240,1548
0ა,759,504,13,27,IMG_20230426_162029.jpg,1240,1548
0ა,808,572,20,39,IMG_20230426_162029.jpg,1240,1548
0ა,750,611,16,40,IMG_20230426_162029.jpg,1240,1548
0ა,874,628,25,46,IMG_20230426_162029.jpg,1240,1548
0ა,1000,376,18,31,IMG_20230426_162029.jpg,1240,1548
0ა,1035,381,17,27,IMG_20230426_162029.jpg,1240,1548
0ა,113,1001,47,81,IMG_20230426_162029.jpg,1240,1548
0ა,132,1206,18,26,IMG_20230426_162029.jpg,1240,1548
0ა,154,1346,17,27,IMG_20230426_162029.jpg,1240,1548
0ა,212,1246,21,31,IMG_20230426_162029.jpg,1240,1548
0ა,210,1290,20,28,IMG_20230426_162029.jpg,1240,1548
0ა,205,1348,19,30,IMG_20230426_162029.jpg,1240,1548
0ა,241,1352,18,26,IMG_20230426_162029.jpg,1240,1548
0ა,332,1247,18,30,IMG_20230426_162029.jpg,1240,1548
0ა,409,1289,17,26,IMG_20230426_162029.jpg,1240,1548
0ა,816,1290,18,29,IMG_20230426_162029.jpg,1240,1548
0ა,890,996,61,93,IMG_20230426_162029.jpg,1240,1548
0ა,838,1345,18,29,IMG_20230426_162029.jpg,1240,1548
8ი,347,234,28,39,IMG_20230426_162029.jpg,1240,1548
8ი,396,236,27,40,IMG_20230426_162029.jpg,1240,1548
8ი,264,472,28,39,IMG_20230426_162029.jpg,1240,1548
8ი,739,375,15,24,IMG_20230426_162029.jpg,1240,1548
8ი,880,322,28,44,IMG_20230426_162029.jpg,1240,1548
8ი,838,421,18,25,IMG_20230426_162029.jpg,1240,1548
8ი,857,377,18,30,IMG_20230426_162029.jpg,1240,1548
8ი,816,459,18,29,IMG_20230426_162029.jpg,1240,1548
8ი,901,516,18,28,IMG_20230426_162029.jpg,1240,1548
8ი,789,569,20,38,IMG_20230426_162029.jpg,1240,1548
8ი,809,624,24,40,IMG_20230426_162029.jpg,1240,1548
8ი,850,630,27,38,IMG_20230426_162029.jpg,1240,1548
8ი,966,382,20,28,IMG_20230426_162029.jpg,1240,1548
8ი,992,424,19,26,IMG_20230426_162029.jpg,1240,1548
8ი,930,423,21,28,IMG_20230426_162029.jpg,1240,1548
8ი,1057,513,15,22,IMG_20230426_162029.jpg,1240,1548
8ი,155,1152,24,41,IMG_20230426_162029.jpg,1240,1548
8ი,231,992,64,92,IMG_20230426_162029.jpg,1240,1548
8ი,337,1148,28,44,IMG_20230426_162029.jpg,1240,1548
8ი,112,1289,15,27,IMG_20230426_162029.jpg,1240,1548
8ი,279,1249,21,28,IMG_20230426_162029.jpg,1240,1548
8ი,245,1292,22,29,IMG_20230426_162029.jpg,1240,1548
8ი,1055,999,56,94,IMG_20230426_162029.jpg,1240,1548
8ი,870,1349,19,29,IMG_20230426_162029.jpg,1240,1548
8ი,954,1347,20,28,IMG_20230426_162029.jpg,1240,1548
8ი,1035,1349,18,27,IMG_20230426_162029.jpg,1240,1548
21ქ,1068,1333,21,49,IMG_20230426_162029.jpg,1240,1548
21ქ,749,1330,15,44,IMG_20230426_162029.jpg,1240,1548
21ქ,408,1335,18,43,IMG_20230426_162029.jpg,1240,1548
21ქ,222,1338,20,49,IMG_20230426_162029.jpg,1240,1548
13ო,278,230,40,43,IMG_20230426_162029.jpg,1240,1548
13ო,987,325,33,43,IMG_20230426_162029.jpg,1240,1548
13ო,801,514,26,21,IMG_20230426_162029.jpg,1240,1548
13ო,946,464,28,25,IMG_20230426_162029.jpg,1240,1548
13ო,992,463,26,28,IMG_20230426_162029.jpg,1240,1548
13ო,120,1247,25,28,IMG_20230426_162029.jpg,1240,1548
13ო,159,1291,29,28,IMG_20230426_162029.jpg,1240,1548
13ო,1015,516,25,26,IMG_20230426_162029.jpg,1240,1548
13ო,374,1349,24,25,IMG_20230426_162029.jpg,1240,1548
13ო,996,1350,27,28,IMG_20230426_162029.jpg,1240,1548
26ც,373,232,25,41,IMG_20230426_162029.jpg,1240,1548
26ც,762,453,15,37,IMG_20230426_162029.jpg,1240,1548
26ც,492,456,15,34,IMG_20230426_162029.jpg,1240,1548
26ც,462,458,19,36,IMG_20230426_162029.jpg,1240,1548
26ც,736,450,16,34,IMG_20230426_162029.jpg,1240,1548
26ც,146,1204,21,38,IMG_20230426_162029.jpg,1240,1548
26ც,112,1339,18,36,IMG_20230426_162029.jpg,1240,1548
26ც,1069,511,16,32,IMG_20230426_162029.jpg,1240,1548
17ს,172,463,21,38,IMG_20230426_162029.jpg,1240,1548
17ს,458,574,21,41,IMG_20230426_162029.jpg,1240,1548
17ს,735,557,17,41,IMG_20230426_162029.jpg,1240,1548
17ს,984,370,18,38,IMG_20230426_162029.jpg,1240,1548
17ს,947,412,22,38,IMG_20230426_162029.jpg,1240,1548
17ს,981,502,18,41,IMG_20230426_162029.jpg,1240,1548
17ს,840,371,20,35,IMG_20230426_162029.jpg,1240,1548
17ს,831,450,18,38,IMG_20230426_162029.jpg,1240,1548
17ს,854,408,18,40,IMG_20230426_162029.jpg,1240,1548
17ს,264,1282,21,38,IMG_20230426_162029.jpg,1240,1548
17ს,232,1149,28,42,IMG_20230426_162029.jpg,1240,1548
17ს,175,1146,25,48,IMG_20230426_162029.jpg,1240,1548
17ს,187,1340,22,35,IMG_20230426_162029.jpg,1240,1548
17ს,804,1336,15,37,IMG_20230426_162029.jpg,1240,1548
17ს,1050,1338,17,32,IMG_20230426_162029.jpg,1240,1548
0ა,281,1148,27,45,IMG_20230426_162029.jpg,1240,1548
0ა,84,1207,12,25,IMG_20230426_162029.jpg,1240,1548
17ს,291,992,64,91,IMG_20230426_162029.jpg,1240,1548
20ფ,315,232,35,39,IMG_20230426_162029.jpg,1240,1548
20ფ,86,1339,18,33,IMG_20230426_162029.jpg,1240,1548
20ფ,1039,513,21,34,IMG_20230426_162029.jpg,1240,1548
12ნ,422,236,22,38,IMG_20230426_162029.jpg,1240,1548
12ნ,190,466,21,37,IMG_20230426_162029.jpg,1240,1548
12ნ,478,364,18,39,IMG_20230426_162029.jpg,1240,1548
12ნ,859,324,25,40,IMG_20230426_162029.jpg,1240,1548
12ნ,874,370,19,36,IMG_20230426_162029.jpg,1240,1548
12ნ,1048,371,20,35,IMG_20230426_162029.jpg,1240,1548
12ნ,1058,326,19,41,IMG_20230426_162029.jpg,1240,1548
12ნ,900,454,24,35,IMG_20230426_162029.jpg,1240,1548
12ნ,257,1145,28,44,IMG_20230426_162029.jpg,1240,1548
12ნ,139,1335,17,35,IMG_20230426_162029.jpg,1240,1548
12ნ,102,1152,18,39,IMG_20230426_162029.jpg,1240,1548
12ნ,943,997,64,87,IMG_20230426_162029.jpg,1240,1548
3დ,155,990,81,91,IMG_20230426_162029.jpg,1240,1548
3დ,1057,422,23,34,IMG_20230426_162029.jpg,1240,1548
3დ,1068,378,23,37,IMG_20230426_162029.jpg,1240,1548
3დ,972,1348,25,38,IMG_20230426_162029.jpg,1240,1548
3დ,229,1251,30,35,IMG_20230426_162029.jpg,1240,1548
3დ,103,1249,19,33,IMG_20230426_162029.jpg,1240,1548
3დ,112,1206,23,36,IMG_20230426_162029.jpg,1240,1548
30ხ,155,459,18,40,IMG_20230426_162029.jpg,1240,1548
30ხ,505,367,15,31,IMG_20230426_162029.jpg,1240,1548
30ხ,772,369,17,33,IMG_20230426_162029.jpg,1240,1548
30ხ,775,443,15,35,IMG_20230426_162029.jpg,1240,1548
30ხ,209,1143,28,48,IMG_20230426_162029.jpg,1240,1548
18ტ,289,1291,31,41,IMG_20230426_162029.jpg,1240,1548
18ტ,424,1289,21,35,IMG_20230426_162029.jpg,1240,1548
6ზ,738,1017,52,72,IMG_20230426_162029.jpg,1240,1548
6ზ,830,1281,27,36,IMG_20230426_162029.jpg,1240,1548
6ზ,387,1001,63,86,IMG_20230426_162029.jpg,1240,1548
28წ,767,176,54,81,IMG_20230426_162029.jpg,1240,1548
28წ,1025,414,20,31,IMG_20230426_162029.jpg,1240,1548
28წ,749,493,12,32,IMG_20230426_162029.jpg,1240,1548
28წ,77,1238,15,31,IMG_20230426_162029.jpg,1240,1548
18ტ,762,1290,20,33,IMG_20230426_162029.jpg,1240,1548
24შ,919,1340,21,38,IMG_20230426_162029.jpg,1240,1548
24შ,506,407,15,34,IMG_20230426_162029.jpg,1240,1548
24შ,775,409,18,30,IMG_20230426_162029.jpg,1240,1548
24შ,972,451,21,40,IMG_20230426_162029.jpg,1240,1548
10ლ,924,174,101,81,IMG_20230426_162029.jpg,1240,1548
10ლ,934,380,35,37,IMG_20230426_162029.jpg,1240,1548
10ლ,788,456,31,38,IMG_20230426_162029.jpg,1240,1548
10ლ,871,515,32,36,IMG_20230426_162029.jpg,1240,1548
10ლ,184,629,51,58,IMG_20230426_162029.jpg,1240,1548
10ლ,182,1202,35,41,IMG_20230426_162029.jpg,1240,1548
10ლ,174,1250,35,38,IMG_20230426_162029.jpg,1240,1548
10ლ,297,1247,38,41,IMG_20230426_162029.jpg,1240,1548
10ლ,344,1350,31,38,IMG_20230426_162029.jpg,1240,1548
11მ,159,628,27,48,IMG_20230426_162029.jpg,1240,1548
11მ,460,506,18,33,IMG_20230426_162029.jpg,1240,1548
11მ,965,321,25,48,IMG_20230426_162029.jpg,1240,1548
11მ,926,453,22,39,IMG_20230426_162029.jpg,1240,1548
11მ,789,498,15,35,IMG_20230426_162029.jpg,1240,1548
11მ,1094,411,15,34,IMG_20230426_162029.jpg,1240,1548
11მ,973,412,20,37,IMG_20230426_162029.jpg,1240,1548
11მ,900,1342,21,35,IMG_20230426_162029.jpg,1240,1548
11მ,141,1238,18,37,IMG_20230426_162029.jpg,1240,1548
11მ,336,1282,21,38,IMG_20230426_162029.jpg,1240,1548
16რ,231,471,36,38,IMG_20230426_162029.jpg,1240,1548
16რ,499,501,19,32,IMG_20230426_162029.jpg,1240,1548
16რ,494,569,24,38,IMG_20230426_162029.jpg,1240,1548
16რ,492,616,25,40,IMG_20230426_162029.jpg,1240,1548
16რ,504,321,23,41,IMG_20230426_162029.jpg,1240,1548
16რ,772,323,27,38,IMG_20230426_162029.jpg,1240,1548
16რ,765,566,28,39,IMG_20230426_162029.jpg,1240,1548
16რ,765,618,27,40,IMG_20230426_162029.jpg,1240,1548
16რ,770,498,21,34,IMG_20230426_162029.jpg,1240,1548
16რ,1013,454,27,34,IMG_20230426_162029.jpg,1240,1548
16რ,795,1283,24,33,IMG_20230426_162029.jpg,1240,1548
16რ,769,1334,21,32,IMG_20230426_162029.jpg,1240,1548
16რ,71,1277,17,32,IMG_20230426_162029.jpg,1240,1548
16რ,255,1342,31,39,IMG_20230426_162029.jpg,1240,1548
16რ,386,1281,25,38,IMG_20230426_162029.jpg,1240,1548
2გ,465,319,25,42,IMG_20230426_162029.jpg,1240,1548
2გ,862,461,25,37,IMG_20230426_162029.jpg,1240,1548
2გ,916,325,30,40,IMG_20230426_162029.jpg,1240,1548
2გ,740,323,19,36,IMG_20230426_162029.jpg,1240,1548
2გ,788,620,22,41,IMG_20230426_162029.jpg,1240,1548
2გ,1015,381,20,35,IMG_20230426_162029.jpg,1240,1548
2გ,1000,1000,60,85,IMG_20230426_162029.jpg,1240,1548
2გ,256,1250,26,38,IMG_20230426_162029.jpg,1240,1548
1ბ,460,410,22,36,IMG_20230426_162029.jpg,1240,1548
1ბ,838,505,21,31,IMG_20230426_162029.jpg,1240,1548
1ბ,820,411,21,31,IMG_20230426_162029.jpg,1240,1548
1ბ,801,368,19,37,IMG_20230426_162029.jpg,1240,1548
1ბ,1021,179,54,81,IMG_20230426_162029.jpg,1240,1548
1ბ,1019,1339,20,35,IMG_20230426_162029.jpg,1240,1548
1ბ,135,1150,23,41,IMG_20230426_162029.jpg,1240,1548
1ბ,97,1280,16,35,IMG_20230426_162029.jpg,1240,1548
16რ,305,1148,36,44,IMG_20230426_162029.jpg,1240,1548
1ბ,76,1013,41,73,IMG_20230426_162029.jpg,1240,1548
4ე,447,1010,35,83,IMG_20230426_162029.jpg,1240,1548
4ე,371,1293,18,35,IMG_20230426_162029.jpg,1240,1548
4ე,327,1353,19,35,IMG_20230426_162029.jpg,1240,1548
4ე,317,1291,21,41,IMG_20230426_162029.jpg,1240,1548
4ე,156,1247,20,38,IMG_20230426_162029.jpg,1240,1548
4ე,785,1001,50,88,IMG_20230426_162029.jpg,1240,1548
4ე,854,1293,21,38,IMG_20230426_162029.jpg,1240,1548
4ე,476,568,21,41,IMG_20230426_162029.jpg,1240,1548
4ე,479,459,15,35,IMG_20230426_162029.jpg,1240,1548
4ე,796,322,22,41,IMG_20230426_162029.jpg,1240,1548
4ე,805,418,18,34,IMG_20230426_162029.jpg,1240,1548
4ე,788,376,17,35,IMG_20230426_162029.jpg,1240,1548
4ე,1039,327,21,39,IMG_20230426_162029.jpg,1240,1548
4ე,1074,328,21,38,IMG_20230426_162029.jpg,1240,1548
4ე,1038,461,17,36,IMG_20230426_162029.jpg,1240,1548
1ბ,739,404,14,34,IMG_20230426_162029.jpg,1240,1548
2გ,815,319,25,44,IMG_20230426_162029.jpg,1240,1548
4ე,823,515,18,31,IMG_20230426_162029.jpg,1240,1548
4ე,855,512,18,39,IMG_20230426_162029.jpg,1240,1548
24შ,933,508,22,36,IMG_20230426_162029.jpg,1240,1548
4ე,749,563,17,35,IMG_20230426_162029.jpg,1240,1548
5ვ,735,608,17,36,IMG_20230426_162029.jpg,1240,1548
5ვ,458,627,21,38,IMG_20230426_162029.jpg,1240,1548
5ვ,492,418,16,33,IMG_20230426_162029.jpg,1240,1548
5ვ,913,420,21,36,IMG_20230426_162029.jpg,1240,1548
5ვ,1041,421,18,36,IMG_20230426_162029.jpg,1240,1548
5ვ,937,1350,20,37,IMG_20230426_162029.jpg,1240,1548
5ვ,854,1349,18,33,IMG_20230426_162029.jpg,1240,1548
5ვ,309,1352,20,35,IMG_20230426_162029.jpg,1240,1548
5ვ,89,1246,15,35,IMG_20230426_162029.jpg,1240,1548
4ე,86,1153,17,38,IMG_20230426_162029.jpg,1240,1548
4ე,118,1152,19,41,IMG_20230426_162029.jpg,1240,1548
17ს,347,1236,19,41,IMG_20230426_162029.jpg,1240,1548
15ჟ,833,993,57,89,IMG_20230426_162029.jpg,1240,1548
7თ,818,1346,23,27,IMG_20230426_162029.jpg,1240,1548
7თ,185,1291,28,26,IMG_20230426_162029.jpg,1240,1548
7თ,126,1288,23,28,IMG_20230426_162029.jpg,1240,1548
7თ,907,381,30,26,IMG_20230426_162029.jpg,1240,1548
7თ,886,418,30,30,IMG_20230426_162029.jpg,1240,1548
7თ,1080,457,21,29,IMG_20230426_162029.jpg,1240,1548
12ნ,750,367,15,31,IMG_20230426_162029.jpg,1240,1548
5ვ,789,419,17,31,IMG_20230426_162029.jpg,1240,1548
5ვ,762,417,17,34,IMG_20230426_162029.jpg,1240,1548
11მ,735,494,15,30,IMG_20230426_162029.jpg,1240,1548
23ყ,1017,324,24,42,IMG_20230426_162029.jpg,1240,1548
23ყ,818,174,55,84,IMG_20230426_162029.jpg,1240,1548
0ა,1071,184,40,81,IMG_20230426_162029.jpg,1240,1548
4ე,750,453,13,34,IMG_20230426_162029.jpg,1240,1548
14პ,959,506,18,38,IMG_20230426_162029.jpg,1240,1548
8ი,1068,460,15,27,IMG_20230426_162029.jpg,1240,1548
8ი,1052,453,17,32,IMG_20230426_162029.jpg,1240,1548
19უ,1009,421,19,35,IMG_20230426_162029.jpg,1240,1548
17ს,831,625,22,41,IMG_20230426_162029.jpg,1240,1548
17ს,788,1344,18,34,IMG_20230426_162029.jpg,1240,1548
17ს,779,1286,18,38,IMG_20230426_162029.jpg,1240,1548
17ს,163,1205,22,37,IMG_20230426_162029.jpg,1240,1548
4ე,86,1287,15,32,IMG_20230426_162029.jpg,1240,1548
12ნ,95,1198,16,31,IMG_20230426_162029.jpg,1240,1548
2გ,73,1206,14,32,IMG_20230426_162029.jpg,1240,1548
30ხ,228,1282,21,37,IMG_20230426_162029.jpg,1240,1548
14პ,354,1280,18,39,IMG_20230426_162029.jpg,1240,1548
16რ,432,1334,20,33,IMG_20230426_162029.jpg,1240,1548
7თ,283,1353,28,25,IMG_20230426_162029.jpg,1240,1548
8ი,126,1344,15,25,IMG_20230426_162029.jpg,1240,1548
8ი,102,1340,13,26,IMG_20230426_162029.jpg,1240,1548
13ო,71,1336,17,25,IMG_20230426_162029.jpg,1240,1548
0ა,751,1287,12,24,IMG_20230426_162029.jpg,1240,1548
23ყ,73,1155,15,39,IMG_20230426_162029.jpg,1240,1548
0ა,487,318,19,41,IMG_20230426_162029.jpg,1240,1548
8ი,462,377,18,26,IMG_20230426_162029.jpg,1240,1548
0ა,489,510,14,24,IMG_20230426_162029.jpg,1240,1548
0ა,480,417,14,26,IMG_20230426_162029.jpg,1240,1548
0ა,492,377,15,24,IMG_20230426_162029.jpg,1240,1548
28წ,476,502,16,32,IMG_20230426_162029.jpg,1240,1548
0ა,3141,429,139,195,IMG_20230226_123842.jpg,4608,3456
0ა,1506,2751,132,205,IMG_20230226_123842.jpg,4608,3456
8ი,1408,2227,158,203,IMG_20230226_123842.jpg,4608,3456
8ი,1144,2223,143,208,IMG_20230226_123842.jpg,4608,3456
8ი,989,2104,76,121,IMG_20230226_123842.jpg,4608,3456
8ი,1475,2108,84,121,IMG_20230226_123842.jpg,4608,3456
8ი,3901,373,160,231,IMG_20230226_123842.jpg,4608,3456
4ე,3598,399,147,197,IMG_20230226_123842.jpg,4608,3456
4ე,1203,2100,67,121,IMG_20230226_123842.jpg,4608,3456
4ე,790,2212,130,218,IMG_20230226_123842.jpg,4608,3456
4ე,777,2731,113,195,IMG_20230226_123842.jpg,4608,3456
4ე,999,2736,106,195,IMG_20230226_123842.jpg,4608,3456
4ე,1285,2757,112,186,IMG_20230226_123842.jpg,4608,3456
17ს,668,2205,139,212,IMG_20230226_123842.jpg,4608,3456
17ს,1278,2223,138,192,IMG_20230226_123842.jpg,4608,3456
16რ,3269,408,203,221,IMG_20230226_123842.jpg,4608,3456
16რ,1263,2102,80,115,IMG_20230226_123842.jpg,4608,3456
16რ,909,2221,141,197,IMG_20230226_123842.jpg,4608,3456
5ვ,1038,2219,113,206,IMG_20230226_123842.jpg,4608,3456
13ო,2551,801,151,147,IMG_20230226_123842.jpg,4608,3456
13ო,2287,822,143,138,IMG_20230226_123842.jpg,4608,3456
13ო,755,2103,106,112,IMG_20230226_123842.jpg,4608,3456
20ფ,2170,824,126,136,IMG_20230226_123842.jpg,4608,3456
18ტ,2425,811,134,143,IMG_20230226_123842.jpg,4608,3456
18ტ,3734,400,180,212,IMG_20230226_123842.jpg,4608,3456
18ტ,1129,2107,80,108,IMG_20230226_123842.jpg,4608,3456
18ტ,883,2728,125,193,IMG_20230226_123842.jpg,4608,3456
18ტ,686,2105,73,108,IMG_20230226_123842.jpg,4608,3456
18ტ,3463,409,141,201,IMG_20230226_123842.jpg,4608,3456
11მ,3012,450,138,193,IMG_20230226_123842.jpg,4608,3456
11მ,852,2101,74,112,IMG_20230226_123842.jpg,4608,3456
24შ,656,2730,130,188,IMG_20230226_123842.jpg,4608,3456
7თ,1103,2754,186,182,IMG_20230226_123842.jpg,4608,3456
1ბ,1387,2750,136,199,IMG_20230226_123842.jpg,4608,3456
10ლ,1410,2109,74,113,IMG_20230226_123842.jpg,4608,3456
19უ,1056,2107,82,110,IMG_20230226_123842.jpg,4608,3456
19უ,1337,2111,82,102,IMG_20230226_123842.jpg,4608,3456
14პ,919,2099,76,113,IMG_20230226_123842.jpg,4608,3456
0ა,2590,389,78,167,IMG_20221210_205824.jpg,3456,4608
0ა,719,826,47,98,IMG_20221210_205824.jpg,3456,4608
8ი,799,830,51,91,IMG_20221210_205824.jpg,3456,4608
8ი,330,803,49,105,IMG_20221210_205824.jpg,3456,4608
8ი,641,823,47,96,IMG_20221210_205824.jpg,3456,4608
8ი,1093,3487,122,229,IMG_20221210_205824.jpg,3456,4608
8ი,1834,3458,116,229,IMG_20221210_205824.jpg,3456,4608
8ი,3115,423,69,165,IMG_20221210_205824.jpg,3456,4608
8ი,2374,385,76,169,IMG_20221210_205824.jpg,3456,4608
30ხ,2931,412,73,158,IMG_20221210_205824.jpg,3456,4608
13ო,621,3489,174,238,IMG_20221210_205824.jpg,3456,4608
13ო,1369,3471,167,227,IMG_20221210_205824.jpg,3456,4608
13ო,410,817,67,96,IMG_20221210_205824.jpg,3456,4608
3დ,2310,394,73,156,IMG_20221210_205824.jpg,3456,4608
3დ,3060,421,67,162,IMG_20221210_205824.jpg,3456,4608
20ფ,1235,3480,145,211,IMG_20221210_205824.jpg,3456,4608
20ფ,468,823,62,85,IMG_20221210_205824.jpg,3456,4608
4ე,2179,376,80,165,IMG_20221210_205824.jpg,3456,4608
4ე,2993,409,71,165,IMG_20221210_205824.jpg,3456,4608
4ე,290,3498,127,227,IMG_20221210_205824.jpg,3456,4608
4ე,523,817,42,98,IMG_20221210_205824.jpg,3456,4608
9კ,294,814,42,93,IMG_20221210_205824.jpg,3456,4608
9კ,2717,403,69,154,IMG_20221210_205824.jpg,3456,4608
17ს,2116,374,76,165,IMG_20221210_205824.jpg,3456,4608
17ს,2437,398,78,151,IMG_20221210_205824.jpg,3456,4608
17ს,2524,383,78,176,IMG_20221210_205824.jpg,3456,4608
17ს,559,821,47,91,IMG_20221210_205824.jpg,3456,4608
12ნ,372,812,42,96,IMG_20221210_205824.jpg,3456,4608
11მ,2655,392,67,165,IMG_20221210_205824.jpg,3456,4608
11მ,1731,3458,113,223,IMG_20221210_205824.jpg,3456,4608
19უ,1629,3462,116,223,IMG_20221210_205824.jpg,3456,4608
19უ,879,3487,116,220,IMG_20221210_205824.jpg,3456,4608
19უ,2779,403,69,167,IMG_20221210_205824.jpg,3456,4608
5ვ,2250,378,67,165,IMG_20221210_205824.jpg,3456,4608
5ვ,681,823,45,93,IMG_20221210_205824.jpg,3456,4608
5ვ,403,3498,118,234,IMG_20221210_205824.jpg,3456,4608
16რ,1527,3460,116,227,IMG_20221210_205824.jpg,3456,4608
16რ,514,3485,116,245,IMG_20221210_205824.jpg,3456,4608
7თ,2842,407,98,165,IMG_20221210_205824.jpg,3456,4608
10ლ,990,3478,113,220,IMG_20221210_205824.jpg,3456,4608
10ლ,759,826,42,93,IMG_20221210_205824.jpg,3456,4608
18ტ,601,823,47,91,IMG_20221210_205824.jpg,3456,4608
9კ,781,3473,111,243,IMG_20221210_205824.jpg,3456,4608
0ა,666,2422,234,234,IMG_20230215_140454 (1).jpg,3456,4608
0ა,2187,2822,249,234,IMG_20230215_140454 (1).jpg,3456,4608
0ა,1070,2837,234,268,IMG_20230215_140454 (1).jpg,3456,4608
8ი,1271,2420,162,224,IMG_20230215_140454 (1).jpg,3456,4608
8ი,2187,2384,154,235,IMG_20230215_140454 (1).jpg,3456,4608
8ი,2472,2400,168,227,IMG_20230215_140454 (1).jpg,3456,4608
13ო,1574,2403,246,235,IMG_20230215_140454 (1).jpg,3456,4608
13ო,1658,2829,235,255,IMG_20230215_140454 (1).jpg,3456,4608
3დ,896,2423,224,363,IMG_20230215_140454 (1).jpg,3456,4608
28წ,901,2768,195,326,IMG_20230215_140454 (1).jpg,3456,4608
1ბ,2016,2731,192,329,IMG_20230215_140454 (1).jpg,3456,4608
1ბ,1800,2284,176,347,IMG_20230215_140454 (1).jpg,3456,4608
16რ,1963,2273,237,342,IMG_20230215_140454 (1).jpg,3456,4608
2გ,1103,2402,192,384,IMG_20230215_140454 (1).jpg,3456,4608
16რ,1288,2757,234,331,IMG_20230215_140454 (1).jpg,3456,4608
11მ,1508,2744,166,326,IMG_20230215_140454 (1).jpg,3456,4608
4ე,1877,2865,166,358,IMG_20230215_140454 (1).jpg,3456,4608
10ლ,1421,2420,171,337,IMG_20230215_140454 (1).jpg,3456,4608
5ვ,2324,2404,166,347,IMG_20230215_140454 (1).jpg,3456,4608
0ა,1725,3130,238,283,IMG_20230215_140110 (1).jpg,3456,4608
0ა,1281,3156,283,222,IMG_20230215_140110 (1).jpg,3456,4608
8ი,2239,2693,157,251,IMG_20230215_140110 (1).jpg,3456,4608
8ი,2107,3172,186,215,IMG_20230215_140110 (1).jpg,3456,4608
13ო,1205,2710,230,220,IMG_20230215_140110 (1).jpg,3456,4608
7თ,1882,2715,232,211,IMG_20230215_140110 (1).jpg,3456,4608
17ს,2387,2583,171,361,IMG_20230215_140110 (1).jpg,3456,4608
30ხ,1542,3053,192,326,IMG_20230215_140110 (1).jpg,3456,4608
4ე,1571,2711,156,356,IMG_20230215_140110 (1).jpg,3456,4608
5ვ,2095,2703,158,396,IMG_20230215_140110 (1).jpg,3456,4608
5ვ,1426,2718,158,345,IMG_20230215_140110 (1).jpg,3456,4608
10ლ,1717,2721,174,355,IMG_20230215_140110 (1).jpg,3456,4608
10ლ,1944,3170,181,391,IMG_20230215_140110 (1).jpg,3456,4608
23ყ,1040,2718,174,347,IMG_20230215_140110 (1).jpg,3456,4608