<annotation>
	<folder>georgian_honey</folder>
	<filename>IMG_20230213_201356 (1).jpg</filename>
	<path>/georgian_honey/IMG_20230213_201356 (1).jpg</path>
	<source>
		<database>Unspecified</database>
	</source>
	<size>
		<width>3456</width>
		<height>4608</height>
		<depth>3</depth>
	</size>
	<object>
		<name>20ფ</name>
		<pose>Unspecified</pose>
		<truncated>0</truncated>
		<difficult>0</difficult>
		<bndbox>
			<xmin>704</xmin>
			<ymin>2298</ymin>
			<xmax>895</xmax>
			<ymax>2495</ymax>
		</bndbox>
	</object>
	<object>
		<name>8ი</name>
		<pose>Unspecified</pose>
		<truncated>0</truncated>
		<difficult>0</difficult>
		<bndbox>
			<xmin>884</xmin>
			<ymin>2305</ymin>
			<xmax>991</xmax>
			<ymax>2428</ymax>
		</bndbox>
	</object>
	<object>
		<name>16რ</name>
		<pose>Unspecified</pose>
		<truncated>0</truncated>
		<difficult>0</difficult>
		<bndbox>
			<xmin>982</xmin>
			<ymin>2173</ymin>
			<xmax>1132</xmax>
			<ymax>2417</ymax>
		</bndbox>
	</object>
	<object>
		<name>13ო</name>
		<pose>Unspecified</pose>
		<truncated>0</truncated>
		<difficult>0</difficult>
		<bndbox>
			<xmin>1126</xmin>
			<ymin>2287</ymin>
			<xmax>1280</xmax>
			<ymax>2410</ymax>
		</bndbox>
	</object>
	<object>
		<name>17ს</name>
		<pose>Unspecified</pose>
		<truncated>0</truncated>
		<difficult>0</difficult>
		<bndbox>
			<xmin>1269</xmin>
			<ymin>2226</ymin>
			<xmax>1381</xmax>
			<ymax>2430</ymax>
		</bndbox>
	</object>
	<object>
		<name>11მ</name>
		<pose>Unspecified</pose>
		<truncated>0</truncated>
		<difficult>0</difficult>
		<bndbox>
			<xmin>1366</xmin>
			<ymin>2215</ymin>
			<xmax>1478</xmax>
			<ymax>2408</ymax>
		</bndbox>
	</object>
	<object>
		<name>0ა</name>
		<pose>Unspecified</pose>
		<truncated>0</truncated>
		<difficult>0</difficult>
		<bndbox>
			<xmin>1467</xmin>
			<ymin>2278</ymin>
			<xmax>1585</xmax>
			<ymax>2424</ymax>
		</bndbox>
	</object>
	<object>
		<name>12ნ</name>
		<pose>Unspecified</pose>
		<truncated>0</truncated>
		<difficult>0</difficult>
		<bndbox>
			<xmin>1579</xmin>
			<ymin>2215</ymin>
			<xmax>1689</xmax>
			<ymax>2419</ymax>
		</bndbox>
	</object>
	<object>
		<name>3დ</name>
		<pose>Unspecified</pose>
		<truncated>0</truncated>
		<difficult>0</difficult>
		<bndbox>
			<xmin>1962</xmin>
			<ymin>2264</ymin>
			<xmax>2141</xmax>
			<ymax>2462</ymax>
		</bndbox>
	</object>
	<object>
		<name>19უ</name>
		<pose>Unspecified</pose>
		<truncated>0</truncated>
		<difficult>0</difficult>
		<bndbox>
			<xmin>2135</xmin>
			<ymin>2249</ymin>
			<xmax>2307</xmax>
			<ymax>2468</ymax>
		</bndbox>
	</object>
	<object>
		<name>21ქ</name>
		<pose>Unspecified</pose>
		<truncated>0</truncated>
		<difficult>0</difficult>
		<bndbox>
			<xmin>2298</xmin>
			<ymin>2157</ymin>
			<xmax>2419</xmax>
			<ymax>2466</ymax>
		</bndbox>
	</object>
</annotation>