<annotation>
	<folder>georgian_honey</folder>
	<filename>IMG_20221210_205824~2.jpg</filename>
	<path>/georgian_honey/IMG_20221210_205824~2.jpg</path>
	<source>
		<database>Unspecified</database>
	</source>
	<size>
		<width>3456</width>
		<height>4608</height>
		<depth>3</depth>
	</size>
	<object>
		<name>4ე</name>
		<pose>Unspecified</pose>
		<truncated>0</truncated>
		<difficult>0</difficult>
		<bndbox>
			<xmin>257</xmin>
			<ymin>3475</ymin>
			<xmax>428</xmax>
			<ymax>3752</ymax>
		</bndbox>
	</object>
	<object>
		<name>5ვ</name>
		<pose>Unspecified</pose>
		<truncated>0</truncated>
		<difficult>0</difficult>
		<bndbox>
			<xmin>413</xmin>
			<ymin>3482</ymin>
			<xmax>523</xmax>
			<ymax>3737</ymax>
		</bndbox>
	</object>
	<object>
		<name>16რ</name>
		<pose>Unspecified</pose>
		<truncated>0</truncated>
		<difficult>0</difficult>
		<bndbox>
			<xmin>504</xmin>
			<ymin>3479</ymin>
			<xmax>633</xmax>
			<ymax>3745</ymax>
		</bndbox>
	</object>
	<object>
		<name>13ო</name>
		<pose>Unspecified</pose>
		<truncated>0</truncated>
		<difficult>0</difficult>
		<bndbox>
			<xmin>618</xmin>
			<ymin>3482</ymin>
			<xmax>793</xmax>
			<ymax>3741</ymax>
		</bndbox>
	</object>
	<object>
		<name>14პ</name>
		<pose>Unspecified</pose>
		<truncated>0</truncated>
		<difficult>0</difficult>
		<bndbox>
			<xmin>786</xmin>
			<ymin>3479</ymin>
			<xmax>892</xmax>
			<ymax>3745</ymax>
		</bndbox>
	</object>
	<object>
		<name>19უ</name>
		<pose>Unspecified</pose>
		<truncated>0</truncated>
		<difficult>0</difficult>
		<bndbox>
			<xmin>884</xmin>
			<ymin>3475</ymin>
			<xmax>1002</xmax>
			<ymax>3756</ymax>
		</bndbox>
	</object>
	<object>
		<name>10ლ</name>
		<pose>Unspecified</pose>
		<truncated>0</truncated>
		<difficult>0</difficult>
		<bndbox>
			<xmin>991</xmin>
			<ymin>3471</ymin>
			<xmax>1105</xmax>
			<ymax>3745</ymax>
		</bndbox>
	</object>
	<object>
		<name>20ფ</name>
		<pose>Unspecified</pose>
		<truncated>0</truncated>
		<difficult>0</difficult>
		<bndbox>
			<xmin>1223</xmin>
			<ymin>3475</ymin>
			<xmax>1386</xmax>
			<ymax>3726</ymax>
		</bndbox>
	</object>
	<object>
		<name>11მ</name>
		<pose>Unspecified</pose>
		<truncated>0</truncated>
		<difficult>0</difficult>
		<bndbox>
			<xmin>1732</xmin>
			<ymin>3460</ymin>
			<xmax>1850</xmax>
			<ymax>3707</ymax>
		</bndbox>
	</object>
	<object>
		<name>8ი</name>
		<pose>Unspecified</pose>
		<truncated>0</truncated>
		<difficult>0</difficult>
		<bndbox>
			<xmin>1835</xmin>
			<ymin>3467</ymin>
			<xmax>1960</xmax>
			<ymax>3729</ymax>
		</bndbox>
	</object>
	<object>
		<name>17ს</name>
		<pose>Unspecified</pose>
		<truncated>0</truncated>
		<difficult>0</difficult>
		<bndbox>
			<xmin>2106</xmin>
			<ymin>372</ymin>
			<xmax>2197</xmax>
			<ymax>554</ymax>
		</bndbox>
	</object>
	<object>
		<name>4ე</name>
		<pose>Unspecified</pose>
		<truncated>0</truncated>
		<difficult>0</difficult>
		<bndbox>
			<xmin>2182</xmin>
			<ymin>379</ymin>
			<xmax>2260</xmax>
			<ymax>565</ymax>
		</bndbox>
	</object>
	<object>
		<name>5ვ</name>
		<pose>Unspecified</pose>
		<truncated>0</truncated>
		<difficult>0</difficult>
		<bndbox>
			<xmin>2249</xmin>
			<ymin>383</ymin>
			<xmax>2321</xmax>
			<ymax>572</ymax>
		</bndbox>
	</object>
	<object>
		<name>3დ</name>
		<pose>Unspecified</pose>
		<truncated>0</truncated>
		<difficult>0</difficult>
		<bndbox>
			<xmin>2312</xmin>
			<ymin>381</ymin>
			<xmax>2388</xmax>
			<ymax>558</ymax>
		</bndbox>
	</object>
	<object>
		<name>8ი</name>
		<pose>Unspecified</pose>
		<truncated>0</truncated>
		<difficult>0</difficult>
		<bndbox>
			<xmin>2379</xmin>
			<ymin>388</ymin>
			<xmax>2449</xmax>
			<ymax>552</ymax>
		</bndbox>
	</object>
	<object>
		<name>0ა</name>
		<pose>Unspecified</pose>
		<truncated>0</truncated>
		<difficult>0</difficult>
		<bndbox>
			<xmin>2594</xmin>
			<ymin>401</ymin>
			<xmax>2668</xmax>
			<ymax>558</ymax>
		</bndbox>
	</object>
	<object>
		<name>11მ</name>
		<pose>Unspecified</pose>
		<truncated>0</truncated>
		<difficult>0</difficult>
		<bndbox>
			<xmin>2657</xmin>
			<ymin>404</ymin>
			<xmax>2722</xmax>
			<ymax>569</ymax>
		</bndbox>
	</object>
	<object>
		<name>9კ</name>
		<pose>Unspecified</pose>
		<truncated>0</truncated>
		<difficult>0</difficult>
		<bndbox>
			<xmin>2715</xmin>
			<ymin>406</ymin>
			<xmax>2789</xmax>
			<ymax>563</ymax>
		</bndbox>
	</object>
	<object>
		<name>19უ</name>
		<pose>Unspecified</pose>
		<truncated>0</truncated>
		<difficult>0</difficult>
		<bndbox>
			<xmin>2778</xmin>
			<ymin>413</ymin>
			<xmax>2850</xmax>
			<ymax>576</ymax>
		</bndbox>
	</object>
	<object>
		<name>7თ</name>
		<pose>Unspecified</pose>
		<truncated>0</truncated>
		<difficult>0</difficult>
		<bndbox>
			<xmin>2843</xmin>
			<ymin>410</ymin>
			<xmax>2942</xmax>
			<ymax>578</ymax>
		</bndbox>
	</object>
	<object>
		<name>30ხ</name>
		<pose>Unspecified</pose>
		<truncated>0</truncated>
		<difficult>0</difficult>
		<bndbox>
			<xmin>2933</xmin>
			<ymin>417</ymin>
			<xmax>3002</xmax>
			<ymax>592</ymax>
		</bndbox>
	</object>
</annotation>