<annotation>
	<folder>georgian_honey</folder>
	<filename>IMG_20230212_184734.jpg</filename>
	<path>/georgian_honey/IMG_20230212_184734.jpg</path>
	<source>
		<database>Unspecified</database>
	</source>
	<size>
		<width>3456</width>
		<height>4608</height>
		<depth>3</depth>
	</size>
	<object>
		<name>0ა</name>
		<pose>Unspecified</pose>
		<truncated>0</truncated>
		<difficult>0</difficult>
		<bndbox>
			<xmin>265</xmin>
			<ymin>1524</ymin>
			<xmax>440</xmax>
			<ymax>1764</ymax>
		</bndbox>
	</object>
	<object>
		<name>20ფ</name>
		<pose>Unspecified</pose>
		<truncated>0</truncated>
		<difficult>0</difficult>
		<bndbox>
			<xmin>422</xmin>
			<ymin>1528</ymin>
			<xmax>589</xmax>
			<ymax>1747</ymax>
		</bndbox>
	</object>
	<object>
		<name>7თ</name>
		<pose>Unspecified</pose>
		<truncated>0</truncated>
		<difficult>0</difficult>
		<bndbox>
			<xmin>584</xmin>
			<ymin>1510</ymin>
			<xmax>768</xmax>
			<ymax>1790</ymax>
		</bndbox>
	</object>
	<object>
		<name>8ი</name>
		<pose>Unspecified</pose>
		<truncated>0</truncated>
		<difficult>0</difficult>
		<bndbox>
			<xmin>768</xmin>
			<ymin>1506</ymin>
			<xmax>921</xmax>
			<ymax>1760</ymax>
		</bndbox>
	</object>
	<object>
		<name>21ქ</name>
		<pose>Unspecified</pose>
		<truncated>0</truncated>
		<difficult>0</difficult>
		<bndbox>
			<xmin>1026</xmin>
			<ymin>1510</ymin>
			<xmax>1188</xmax>
			<ymax>1729</ymax>
		</bndbox>
	</object>
	<object>
		<name>0ა</name>
		<pose>Unspecified</pose>
		<truncated>0</truncated>
		<difficult>0</difficult>
		<bndbox>
			<xmin>1638</xmin>
			<ymin>1362</ymin>
			<xmax>1922</xmax>
			<ymax>1777</ymax>
		</bndbox>
	</object>
	<object>
		<name>5ვ</name>
		<pose>Unspecified</pose>
		<truncated>0</truncated>
		<difficult>0</difficult>
		<bndbox>
			<xmin>1896</xmin>
			<ymin>1349</ymin>
			<xmax>2171</xmax>
			<ymax>1773</ymax>
		</bndbox>
	</object>
	<object>
		<name>4ე</name>
		<pose>Unspecified</pose>
		<truncated>0</truncated>
		<difficult>0</difficult>
		<bndbox>
			<xmin>2145</xmin>
			<ymin>1331</ymin>
			<xmax>2434</xmax>
			<ymax>1799</ymax>
		</bndbox>
	</object>
	<object>
		<name>16რ</name>
		<pose>Unspecified</pose>
		<truncated>0</truncated>
		<difficult>0</difficult>
		<bndbox>
			<xmin>2407</xmin>
			<ymin>1301</ymin>
			<xmax>2805</xmax>
			<ymax>1755</ymax>
		</bndbox>
	</object>
	<object>
		<name>17ს</name>
		<pose>Unspecified</pose>
		<truncated>0</truncated>
		<difficult>0</difficult>
		<bndbox>
			<xmin>2788</xmin>
			<ymin>1301</ymin>
			<xmax>3089</xmax>
			<ymax>1725</ymax>
		</bndbox>
	</object>
	<object>
		<name>8ი</name>
		<pose>Unspecified</pose>
		<truncated>0</truncated>
		<difficult>0</difficult>
		<bndbox>
			<xmin>3076</xmin>
			<ymin>1283</ymin>
			<xmax>3400</xmax>
			<ymax>1698</ymax>
		</bndbox>
	</object>
</annotation>