<annotation>
	<folder>georgian_honey</folder>
	<filename>IMG_20230213_201624 (1).jpg</filename>
	<path>/georgian_honey/IMG_20230213_201624 (1).jpg</path>
	<source>
		<database>Unspecified</database>
	</source>
	<size>
		<width>3456</width>
		<height>4608</height>
		<depth>3</depth>
	</size>
	<object>
		<name>0ა</name>
		<pose>Unspecified</pose>
		<truncated>0</truncated>
		<difficult>0</difficult>
		<bndbox>
			<xmin>1018</xmin>
			<ymin>1103</ymin>
			<xmax>1135</xmax>
			<ymax>1318</ymax>
		</bndbox>
	</object>
	<object>
		<name>10ლ</name>
		<pose>Unspecified</pose>
		<truncated>0</truncated>
		<difficult>0</difficult>
		<bndbox>
			<xmin>1130</xmin>
			<ymin>1112</ymin>
			<xmax>1337</xmax>
			<ymax>1437</ymax>
		</bndbox>
	</object>
	<object>
		<name>4ე</name>
		<pose>Unspecified</pose>
		<truncated>0</truncated>
		<difficult>0</difficult>
		<bndbox>
			<xmin>1323</xmin>
			<ymin>1112</ymin>
			<xmax>1431</xmax>
			<ymax>1406</ymax>
		</bndbox>
	</object>
	<object>
		<name>21ქ</name>
		<pose>Unspecified</pose>
		<truncated>0</truncated>
		<difficult>0</difficult>
		<bndbox>
			<xmin>1428</xmin>
			<ymin>1027</ymin>
			<xmax>1529</xmax>
			<ymax>1408</ymax>
		</bndbox>
	</object>
	<object>
		<name>17ს</name>
		<pose>Unspecified</pose>
		<truncated>0</truncated>
		<difficult>0</difficult>
		<bndbox>
			<xmin>1520</xmin>
			<ymin>1034</ymin>
			<xmax>1626</xmax>
			<ymax>1316</ymax>
		</bndbox>
	</object>
	<object>
		<name>12ნ</name>
		<pose>Unspecified</pose>
		<truncated>0</truncated>
		<difficult>0</difficult>
		<bndbox>
			<xmin>1713</xmin>
			<ymin>1031</ymin>
			<xmax>1828</xmax>
			<ymax>1334</ymax>
		</bndbox>
	</object>
	<object>
		<name>3დ</name>
		<pose>Unspecified</pose>
		<truncated>0</truncated>
		<difficult>0</difficult>
		<bndbox>
			<xmin>1812</xmin>
			<ymin>1125</ymin>
			<xmax>1967</xmax>
			<ymax>1412</ymax>
		</bndbox>
	</object>
	<object>
		<name>16რ</name>
		<pose>Unspecified</pose>
		<truncated>0</truncated>
		<difficult>0</difficult>
		<bndbox>
			<xmin>1962</xmin>
			<ymin>1025</ymin>
			<xmax>2121</xmax>
			<ymax>1334</ymax>
		</bndbox>
	</object>
	<object>
		<name>19უ</name>
		<pose>Unspecified</pose>
		<truncated>0</truncated>
		<difficult>0</difficult>
		<bndbox>
			<xmin>1271</xmin>
			<ymin>1482</ymin>
			<xmax>1390</xmax>
			<ymax>1791</ymax>
		</bndbox>
	</object>
	<object>
		<name>8ი</name>
		<pose>Unspecified</pose>
		<truncated>0</truncated>
		<difficult>0</difficult>
		<bndbox>
			<xmin>1177</xmin>
			<ymin>1484</ymin>
			<xmax>1289</xmax>
			<ymax>1688</ymax>
		</bndbox>
	</object>
	<object>
		<name>11მ</name>
		<pose>Unspecified</pose>
		<truncated>0</truncated>
		<difficult>0</difficult>
		<bndbox>
			<xmin>1381</xmin>
			<ymin>1395</ymin>
			<xmax>1484</xmax>
			<ymax>1697</ymax>
		</bndbox>
	</object>
	<object>
		<name>9კ</name>
		<pose>Unspecified</pose>
		<truncated>0</truncated>
		<difficult>0</difficult>
		<bndbox>
			<xmin>996</xmin>
			<ymin>2549</ymin>
			<xmax>1088</xmax>
			<ymax>2769</ymax>
		</bndbox>
	</object>
	<object>
		<name>28წ</name>
		<pose>Unspecified</pose>
		<truncated>0</truncated>
		<difficult>0</difficult>
		<bndbox>
			<xmin>1173</xmin>
			<ymin>2545</ymin>
			<xmax>1254</xmax>
			<ymax>2776</ymax>
		</bndbox>
	</object>
	<object>
		<name>13ო</name>
		<pose>Unspecified</pose>
		<truncated>0</truncated>
		<difficult>0</difficult>
		<bndbox>
			<xmin>1902</xmin>
			<ymin>2542</ymin>
			<xmax>2005</xmax>
			<ymax>2776</ymax>
		</bndbox>
	</object>
</annotation>