<annotation>
	<folder>georgian_honey</folder>
	<filename>IMG_20230212_162211.jpg</filename>
	<path>/georgian_honey/IMG_20230212_162211.jpg</path>
	<source>
		<database>Unspecified</database>
	</source>
	<size>
		<width>1600</width>
		<height>1200</height>
		<depth>3</depth>
	</size>
	<object>
		<name>24შ</name>
		<pose>Unspecified</pose>
		<truncated>0</truncated>
		<difficult>0</difficult>
		<bndbox>
			<xmin>571</xmin>
			<ymin>503</ymin>
			<xmax>680</xmax>
			<ymax>656</ymax>
		</bndbox>
	</object>
	<object>
		<name>3დ</name>
		<pose>Unspecified</pose>
		<truncated>0</truncated>
		<difficult>0</difficult>
		<bndbox>
			<xmin>783</xmin>
			<ymin>578</ymin>
			<xmax>904</xmax>
			<ymax>724</ymax>
		</bndbox>
	</object>
	<object>
		<name>8ი</name>
		<pose>Unspecified</pose>
		<truncated>0</truncated>
		<difficult>0</difficult>
		<bndbox>
			<xmin>894</xmin>
			<ymin>574</ymin>
			<xmax>970</xmax>
			<ymax>674</ymax>
		</bndbox>
	</object>
	<object>
		<name>17ს</name>
		<pose>Unspecified</pose>
		<truncated>0</truncated>
		<difficult>0</difficult>
		<bndbox>
			<xmin>963</xmin>
			<ymin>501</ymin>
			<xmax>1056</xmax>
			<ymax>685</ymax>
		</bndbox>
	</object>
</annotation>